"","Country","Continent","Region","Country.Code","1980","1981","1982","1983","1984","1985","1986","1987","1988","1989","1990","1991","1992","1993","1994","1995","1996","1997","1998","1999","2000","2001","2002","2003","2004","2005","2006","2007","2008","2009","2010","2011","2012","2013","2014","2015","2016","Area"
"1","Afghanistan","Asia","ASIA (EX. NEAR EAST)","AFG",4,3,5,5,16,15,11,25,35,33,25,23,21,18,12,20,31,28,27,27,24,33,36,41,50,58,58,63,64,63,66,68,67,64,62,65,65,647500
"2","Angola","Africa","SUB-SAHARAN AFRICA","AGO",NA,NA,NA,6,8,8,10,10,12,18,24,26,21,30,27,24,28,41,46,19,28,38,41,40,40,38,34,73,69,60,77,71,75,77,64,64,64,1246700
"3","Albania","Europe","EASTERN EUROPE","ALB",94,94,95,95,95,96,96,96,96,94,94,78,94,96,99,97,98,99,96,97,97,97,98,97,97,98,97,98,99,98,99,99,99,99,98,99,98,28748
"4","Andorra","Europe","WESTERN EUROPE","AND",NA,NA,NA,NA,NA,NA,NA,NA,NA,NA,NA,NA,NA,NA,NA,NA,NA,90,89,90,98,96,97,99,99,98,93,96,99,99,99,99,99,96,97,97,98,468
"5","Arab World",NA,NA,"ARB",NA,32.0745753377529,33.8366386703754,37.3322006230523,48.0145273119358,58.8786323819303,64.9417664874454,68.3414104166729,73.5834457473128,80.3608292261426,81.1332638259962,74.67035430527,74.9627014537348,75.4135472031976,73.5179534439536,76.2575616380705,77.7982695249028,76.2507937939303,78.2187195252742,80.9034880669618,82.5680548564042,83.6846820578755,81.7467602420168,82.204438929817,83.2465486806352,84.1316578755301,83.5444320854093,84.6852785531729,85.650853902218,86.5620549205007,87.4357625578786,87.0384752049284,83.7956252395789,85.364703766313,84.5705165432379,83.1844757268313,84.2671589346317,NA
"6","United Arab Emirates","Asia","NEAR EAST","ARE",11,45,43,50,59,76,78,80,82,84,85,85,86,90,90,90,90,92,94,94,94,94,94,94,94,94,92,92,92,93,94,95,96,98,99,99,99,82880
"7","Argentina","America","LATIN AMER. & CARIB","ARG",44,49,58,61,62,66,67,75,80,80,87,80,81,81,82,85,83,88,84,86,83,83,93,96,98,98,91,91,93,94,94,91,91,94,94,94,92,2766890
"8","Armenia","Europe","C.W. OF IND. STATES","ARM",NA,NA,NA,NA,NA,NA,NA,NA,NA,NA,NA,NA,85,85,86,98,86,88,82,91,93,94,94,94,91,90,87,88,89,93,94,95,95,95,93,94,94,29800
"9","Antigua and Barbuda","America","LATIN AMER. & CARIB","ATG",54,79,79,99,94,99,96,97,98,99,99,94,99,99,99,99,99,99,99,99,95,97,98,99,97,99,99,99,99,99,98,99,98,99,99,99,99,443
"10","Australia","Oceania","OCEANIA","AUS",33,40,48,55,62,68,75,81,88,93,95,93,91,90,88,86,86,77,82,88,90,92,92,93,92,92,92,92,92,92,92,92,92,91,92,93,94,7686850
"11","Austria","Europe","WESTERN EUROPE","AUT",90,90,90,90,90,90,90,90,90,90,90,90,90,90,90,90,90,90,82,74,81,84,83,84,83,86,83,85,83,83,86,89,92,95,98,93,87,83870
"12","Azerbaijan","Europe","C.W. OF IND. STATES","AZE",NA,NA,NA,NA,NA,NA,NA,NA,NA,NA,NA,NA,58,66,69,74,74,70,73,75,76,77,76,77,77,75,78,79,81,81,81,87,89,93,94,96,97,86600
"13","Burundi","Africa","SUB-SAHARAN AFRICA","BDI",NA,36,33,44,26,36,55,68,51,82,86,83,80,63,48,73,73,74,65,79,80,81,81,82,83,87,92,99,92,94,96,96,96,96,95,94,94,27830
"14","Belgium","Europe","WESTERN EUROPE","BEL",95,95,95,95,95,95,95,95,80,94,93,92,95,97,96,94,95,87,79,87,95,95,95,95,95,97,98,98,99,98,98,98,99,99,99,99,98,30528
"15","Benin","Africa","SUB-SAHARAN AFRICA","BEN",NA,NA,NA,NA,NA,17,17,25,30,48,74,69,73,75,81,67,66,66,70,74,78,76,75,73,72,70,74,82,75,79,76,75,80,77,78,82,82,112620
"16","Burkina Faso","Africa","SUB-SAHARAN AFRICA","BFA",NA,NA,NA,NA,NA,9,19,23,34,44,66,53,39,39,36,34,37,39,15,15,45,62,69,79,79,82,86,89,93,92,91,91,90,88,91,91,91,274200
"17","Bangladesh","Asia","ASIA (EX. NEAR EAST)","BGD",NA,1,1,1,1,2,4,9,16,49,69,74,66,74,84,69,77,78,77,80,82,85,83,87,99,93,94,94,96,97,94,96,94,96,97,97,97,144000
"18","Bulgaria","Europe","EASTERN EUROPE","BGR",98,99,99,99,99,99,99,99,99,99,99,99,98,98,93,96,95,94,95,96,93,94,93,96,95,96,95,95,95,94,94,95,95,95,88,91,92,110910
"19","Bahrain","Asia","NEAR EAST","BHR",72,75,79,83,86,90,92,95,96,96,94,99,94,94,96,95,96,98,98,97,97,99,98,97,98,98,98,97,97,98,99,99,99,99,98,98,99,665
"20","Bahamas, The","America","LATIN AMER. & CARIB","BHS",36,55,69,65,69,86,85,85,85,86,86,92,92,91,91,87,85,86,89,82,99,99,94,92,93,93,95,95,93,96,99,98,98,97,96,95,94,13940
"21","Bosnia and Herzegovina","Europe","EASTERN EUROPE","BIH",NA,NA,NA,NA,NA,NA,NA,NA,NA,NA,NA,NA,58,38,82,55,67,79,89,90,85,91,80,87,84,93,87,95,91,90,89,88,92,89,86,82,78,51129
"22","Belarus","Europe","C.W. OF IND. STATES","BLR",NA,NA,NA,NA,NA,NA,NA,NA,NA,NA,NA,NA,90,91,92,96,98,98,99,99,99,99,99,50,99,99,99,95,97,96,98,98,98,98,97,99,98,207600
"23","Belize","America","LATIN AMER. & CARIB","BLZ",47,44,61,59,53,58,82,85,61,79,91,82,74,85,88,83,85,86,87,87,91,96,89,96,97,96,98,96,94,97,96,95,98,95,95,94,95,22966
"24","Bolivia","America","LATIN AMER. & CARIB","BOL",11,13,12,10,6,33,42,35,28,52,41,43,45,52,58,64,61,58,61,77,75,71,77,88,84,85,83,84,88,93,91,95,93,94,98,99,99,1098580
"25","Brazil","America","LATIN AMER. & CARIB","BRA",37,47,56,60,68,66,58,58,58,56,66,78,71,75,74,81,77,79,93,94,98,98,99,99,99,99,99,99,99,99,99,99,95,97,93,96,86,8511965
"26","Barbados","America","LATIN AMER. & CARIB","BRB",60,58,62,69,83,83,79,79,76,78,91,82,90,86,90,93,85,96,93,87,93,84,87,89,93,92,84,93,85,93,86,91,87,91,94,97,97,431
"27","Brunei Darussalam","Asia","ASIA (EX. NEAR EAST)","BRN",89,94,99,85,96,88,86,85,89,91,93,95,96,99,99,99,99,99,97,92,99,97,94,92,92,94,97,99,98,99,95,97,99,99,99,99,99,5770
"28","Bhutan","Asia","ASIA (EX. NEAR EAST)","BTN",6,13,15,16,28,41,53,63,70,76,96,91,86,79,86,87,87,87,86,90,92,88,86,95,89,95,95,95,96,93,91,95,97,97,99,99,98,47000
"29","Botswana","Africa","SUB-SAHARAN AFRICA","BWA",71,75,82,82,83,84,86,88,88,92,92,93,94,94,94,95,96,96,98,97,97,97,97,96,96,96,96,96,96,96,95,95,95,95,95,95,95,600370
"30","Central African Republic","Africa","SUB-SAHARAN AFRICA","CAF",13,11,14,16,17,20,19,22,42,64,82,64,45,47,48,53,48,43,43,33,37,40,44,47,51,54,51,48,45,42,45,47,47,23,47,47,47,622984
"31","Canada","America","NORTHERN AMERICA","CAN",NA,NA,NA,NA,NA,NA,NA,85,86,87,88,88,89,90,93,87,90,86,90,90,89,89,88,91,91,93,95,94,92,91,89,87,95,91,91,91,91,9984670
"32","Central Europe and the Baltics",NA,NA,"CEB",NA,NA,NA,NA,NA,95.1851281212474,94.0508996612154,95.3988318182821,96.5806284795249,96.6029155358033,96.6208206433042,96.8667024231827,94.9907522095349,93.6497338585172,95.8255729643538,96.2721628015832,96.7384723455354,96.9073114520213,97.085947950952,97.1823025039078,97.4859599662498,97.6767386072258,97.8041769360488,97.6643752755205,97.7812052270642,97.8034600048435,97.7928054979021,97.6929887826223,97.735906373766,97.5230120867729,97.2450647211446,96.2616984871103,96.6386209410058,96.7041297802972,95.9944744651528,95.1945516246098,95.1488279939283,NA
"33","Switzerland","Europe","WESTERN EUROPE","CHE",NA,NA,NA,NA,NA,NA,90,90,90,90,90,89,89,89,89,89,89,89,88,93,93,93,93,93,93,94,94,94,95,95,95,96,96,96,96,97,97,41290
"34","Chile","America","LATIN AMER. & CARIB","CHL",93,99,99,89,99,99,90,93,96,95,95,94,90,90,94,94,91,90,90,95,91,97,97,96,93,91,94,96,95,94,92,94,90,91,95,96,95,756950
"35","China","Asia","ASIA (EX. NEAR EAST)","CHN",NA,NA,NA,58,73,78,78,75,95,95,97,94,91,88,85,80,83,84,84,85,85,86,86,86,87,87,93,93,97,99,99,99,99,99,99,99,99,9596960
"36","Cote d'Ivoire","Africa","SUB-SAHARAN AFRICA","CIV",NA,NA,NA,NA,19,25,30,31,31,42,54,39,49,50,50,52,55,58,58,58,65,66,64,61,67,76,77,76,74,81,85,62,82,80,76,83,85,322460
"37","Cameroon","Africa","SUB-SAHARAN AFRICA","CMR",NA,5,15,25,27,33,39,44,50,56,48,42,37,37,38,46,46,48,56,59,62,63,66,73,73,80,81,82,84,80,84,82,85,89,87,84,85,475440
"38","Congo, Dem. Rep.","Africa","SUB-SAHARAN AFRICA","COD",NA,18,17,16,27,37,32,38,41,38,35,16,23,29,26,23,18,18,18,25,40,30,38,41,54,60,62,70,65,72,60,74,75,74,80,81,79,2345410
"39","Congo, Rep.","Africa","SUB-SAHARAN AFRICA","COG",42,42,47,50,53,54,71,72,72,79,79,74,67,60,55,50,37,23,26,29,33,31,41,50,67,62,73,72,79,78,74,82,85,85,90,80,80,342000
"40","Colombia","America","LATIN AMER. & CARIB","COL",16,20,26,42,61,61,48,58,74,78,88,84,78,88,85,85,85,84,73,74,79,80,81,92,89,93,93,93,92,92,88,85,91,91,90,91,91,1138910
"41","Comoros","Africa","SUB-SAHARAN AFRICA","COM",NA,NA,NA,NA,31,51,71,71,43,82,94,52,38,70,58,75,60,48,75,73,70,70,89,80,76,68,69,75,81,83,74,83,86,87,87,91,91,2170
"42","Cabo Verde","Africa","SUB-SAHARAN AFRICA","CPV",NA,NA,NA,23,31,39,54,92,88,99,88,87,88,89,89,88,88,87,88,89,90,90,91,92,93,95,96,98,99,99,99,90,94,93,95,93,96,4033
"43","Costa Rica","America","LATIN AMER. & CARIB","CRI",86,85,81,86,93,90,89,94,87,86,95,90,90,88,88,85,85,94,85,86,88,91,94,88,90,91,89,89,90,86,88,85,91,95,91,92,97,51100
"44","Caribbean small states",NA,NA,"CSS",29.587848277563,45.9603044376401,48.2230111377668,59.3923333914747,65.3057248378061,69.9643593328348,74.3120007529884,78.821314973628,77.3987882639844,81.6707451381636,85.3359359707693,83.8711437992141,83.9427505306998,88.429120794603,89.5360282093213,88.8753841773677,88.6423083601007,89.2843911821275,88.5745472754314,87.6816957258748,89.8272972164023,92.735799155868,93.5312634173491,92.2569696576764,94.5140521500986,95.4233944570041,92.987243958228,91.7496110911671,91.1485790003528,92.1205417059929,94.0020412079764,92.0896105587635,94.4016131337311,93.4879208278729,93.0962733485194,93.2580721769074,96.8596304421659,NA
"45","Cuba","America","LATIN AMER. & CARIB","CUB",67,68,99,99,86,91,99,87,98,96,92,99,94,99,99,99,90,99,99,95,95,98,99,72,88,89,89,93,95,96,96,97,99,99,99,99,99,110860
"46","Cyprus","Asia","NEAR EAST","CYP",34,56,26,34,30,61,91,93,90,93,93,94,94,95,95,96,98,98,98,97,97,97,98,98,98,98,97,97,97,99,99,99,99,99,99,97,97,9250
"47","Czech Republic","Europe","EASTERN EUROPE","CZE",NA,NA,NA,NA,NA,NA,NA,NA,NA,NA,NA,NA,NA,99,98,96,97,98,98,98,98,98,98,97,98,97,98,99,99,99,99,99,99,98,97,97,96,78866
"48","Germany","Europe","WESTERN EUROPE","DEU",NA,95,97,93,94,80,90,80,80,80,80,80,85,62,73,78,84,87,89,97,90,93,93,97,96,96,96,96,96,96,95,95,95,95,95,95,95,357021
"49","Djibouti","Africa","SUB-SAHARAN AFRICA","DJI",NA,NA,6,14,21,22,24,25,65,77,85,53,41,41,41,41,41,32,23,23,46,53,62,68,64,71,72,88,89,89,88,87,81,82,78,84,84,23000
"50","Dominica","America","LATIN AMER. & CARIB","DMA",63,97,99,93,84,91,93,95,96,92,92,98,99,99,99,99,99,92,99,99,99,99,98,99,99,98,95,96,96,99,98,98,97,96,97,98,99,754
"51","Denmark","Europe","WESTERN EUROPE","DNK",88,88,87,86,86,90,89,88,87,89,90,90,91,88,89,90,77,92,99,99,97,97,98,96,95,93,93,87,88,89,90,91,94,94,94,93,94,43094
"52","Dominican Republic","America","LATIN AMER. & CARIB","DOM",36,27,28,29,34,39,80,80,69,58,69,71,73,75,74,72,72,73,75,83,78,72,82,79,79,87,89,85,82,82,88,84,85,83,91,85,87,48730
"53","Algeria","Africa","NORTHERN AFRICA","DZA",NA,NA,NA,NA,NA,69,73,79,85,87,89,89,88,88,87,88,88,89,85,83,86,89,86,87,86,88,95,95,93,95,95,95,95,95,95,95,91,2381740
"54","East Asia & Pacific (excluding high income)",NA,NA,"EAP",NA,NA,NA,45.0114896119806,56.143897547751,64.2212292314843,68.3139074021431,68.4607278614147,84.756778035055,87.5721916157233,90.6786168583442,88.5138356336403,85.3113420049452,83.3194922671974,81.6411977381034,78.5669212065946,80.7642842564927,82.0799735382631,82.3206422464372,82.5766132835165,82.9411239062561,83.4062609699301,81.5684419290189,83.5433508490248,84.5895967877334,84.5840028570222,88.4906929638804,88.5721660296883,92.0297474587857,93.523532502917,93.1695866224341,93.7911912382433,94.3458005276635,92.4805444293598,91.9020565574631,91.5513931788469,93.642460136025,NA
"55","Early-demographic dividend",NA,NA,"EAR",16.8010019691545,15.5567980135489,18.9979779799929,22.061228040241,25.093945480386,29.6641088915793,34.4817110053213,41.4481599745033,48.8745865903565,56.9535313868001,69.619961753077,63.4227811882075,62.7405167731106,64.9189934449056,69.6809923274454,72.2537292205784,70.5496458193869,69.8599623250939,69.3651146938941,68.5202974388598,69.1259630977791,69.5178835982662,69.2743153442072,70.6865758939723,73.0890690258755,74.8248772782466,75.4990380085028,75.2689908861967,77.4231814569176,80.353290202222,83.0929445607915,84.0537499487169,83.9868499755579,84.393557225994,84.3170470051636,84.660922507876,86.3995724620497,NA
"56","East Asia & Pacific",NA,NA,"EAS",NA,NA,NA,47.3029231439725,57.8116842583119,65.3016168461507,69.1703206383841,68.9732929959942,84.3928509484408,87.5991461059311,90.4478586480796,88.5208242469801,85.3823817149424,83.5267713780571,81.9027014581017,78.9888292984148,81.8980296829364,81.5526650351473,81.8646949164054,82.6286798518531,83.4069154383111,84.2088084412159,82.5391603949587,84.4057983110218,85.280043061125,85.3576212720898,89.0123424697519,89.0030090131617,92.2826808137362,93.6474817534145,93.3149366917615,93.9784833867077,94.4875580978563,92.6903624367513,92.1548245116104,91.817667672408,93.8905637305537,NA
"57","Europe & Central Asia (excluding high income)",NA,NA,"ECA",NA,NA,NA,NA,NA,NA,NA,NA,NA,NA,NA,NA,79.6466280462975,75.3062899064069,84.8873152052885,81.8537731466189,85.4862171656962,88.5753764016859,90.0577524035909,90.7993607986374,92.628063617532,93.5399482806273,91.0357554312782,86.8206578698727,92.1838445376409,94.5852378994011,94.3139540779951,95.6476969394236,95.5058972170896,93.8828967191169,92.3516065733534,92.2651378402753,94.7917357968294,95.3467770697472,90.6056361844168,91.1594130869504,90.3519159864164,NA
"58","Europe & Central Asia",NA,NA,"ECS",NA,NA,NA,NA,NA,NA,NA,NA,NA,NA,NA,NA,84.8331694379411,81.2912930982036,87.7079921755612,86.7126341067157,89.3068383199527,90.9495219691346,91.6699678657476,92.8634449132722,92.8815580956462,93.969942755138,92.8777941793092,91.2618001857919,93.8975096798234,95.0253489628802,95.2625198936798,95.8505029784864,95.7914534528862,94.9714173313711,94.3168533277307,94.3502103610995,95.7617855237947,95.9604138133084,93.1923986148987,93.4042403829564,92.6145148955181,NA
"59","Ecuador","America","LATIN AMER. & CARIB","ECU",10,26,35,31,48,41,44,51,54,55,68,59,87,85,84,83,82,81,85,79,87,89,88,87,88,92,96,96,96,94,91,88,87,87,83,78,83,283560
"60","Egypt, Arab Rep.","Africa","NORTHERN AFRICA","EGY",57,57,57,57,69,84,80,81,87,90,87,76,79,81,83,88,90,88,92,97,98,99,97,98,97,98,98,98,97,97,97,96,93,97,94,93,95,1001450
"61","Euro area",NA,NA,"EMU",NA,NA,NA,NA,90.3047266667463,83.6233169526922,90.307346910653,83.6701730909682,83.00744758553,87.2578320166237,85.4922993801666,88.9120913656049,90.148075511525,84.9309963631275,88.7907635679374,90.186497009477,92.1437722402828,92.7032095883593,92.788582227497,95.0257309300644,92.5746899754777,94.4996790472772,94.7978967935585,96.4293018223286,95.913328203757,95.9487644379569,96.7741755257281,96.6143364581219,96.6131880862666,96.4461662361864,96.7092061589176,96.7621112702808,97.0582626643135,96.8263226902684,96.5492253129601,96.0077763989946,95.4928448374437,NA
"62","Eritrea","Africa","SUB-SAHARAN AFRICA","ERI",NA,NA,NA,NA,NA,NA,NA,NA,NA,NA,NA,NA,NA,32,49,58,66,75,86,93,81,86,90,93,98,96,94,91,94,92,90,96,94,94,94,95,95,121320
"63","Spain","Europe","WESTERN EUROPE","ESP",NA,NA,NA,NA,95,79,88,77,93,93,86,86,84,87,88,90,90,94,95,95,95,96,98,98,97,96,98,96,97,96,97,97,97,96,97,97,97,504782
"64","Estonia","Europe","BALTICS","EST",NA,NA,NA,NA,NA,NA,NA,NA,NA,NA,NA,NA,NA,71,77,82,87,87,88,91,93,94,94,94,94,96,95,95,95,95,94,93,94,94,93,93,93,45226
"65","Ethiopia","Africa","SUB-SAHARAN AFRICA","ETH",NA,3,3,4,4,6,7,16,16,26,49,21,13,28,57,57,55,55,41,27,30,32,35,37,40,44,46,50,54,58,61,65,69,72,77,77,77,1127127
"66","European Union",NA,NA,"EUU",NA,83.0966003961328,84.8275795645813,85.4005625499028,87.6771591737859,84.1144163708747,87.7645254863863,85.2828109552246,85.4791283336277,88.3698259929949,88.0020339187207,90.7208253089919,91.8206323476468,88.5234087673629,91.1658041198398,92.1682955594801,93.2866228862287,93.5991710892824,93.5960566892382,95.1696119335506,93.4483803814761,94.7180684679262,94.9537618481173,95.9787704141131,95.7816942894714,95.6177089369123,96.3106480369897,96.0908480704569,96.0925506818583,96.0812040579861,96.3743596951002,96.3758457382906,96.6794791387859,96.5471058531391,96.2499654690474,95.893803566851,95.238965824166,NA
"67","Fragile and conflict affected situations",NA,NA,"FCS",NA,16.3461729305776,17.2651213336169,17.6125596339794,24.3490864674789,29.352288341893,35.0854506655602,39.0052055210832,44.2153713746126,54.3055074147205,60.9802620819114,50.3226164588677,50.849083772472,51.1084863064587,48.7614983501889,51.5562745599501,52.9600502197761,52.2382928431267,53.7977845216109,55.0909446876995,58.7901785584396,56.8678406403531,59.031373870993,61.0049030833731,65.2661267478787,67.9921902643972,69.134342713421,71.5456441253295,70.7763357488128,73.363356912807,73.0388505204786,73.757600161219,73.3773120067022,72.2162935071679,73.2176764996239,73.085460765391,73.8424640891574,NA
"68","Finland","Europe","WESTERN EUROPE","FIN",92,92,94,94,95,96,97,98,99,90,90,95,99,99,99,99,99,99,99,99,99,98,98,98,98,97,97,99,99,99,99,99,99,98,98,97,92,338145
"69","Fiji","Oceania","OCEANIA","FJI",68,70,64,80,77,69,71,90,98,98,97,99,97,96,96,97,97,86,87,89,90,91,93,94,95,96,98,99,99,99,99,99,99,99,99,99,99,18270
"70","France","Europe","WESTERN EUROPE","FRA",79,79,85,90,94,95,96,88,79,95,94,94,94,94,96,96,97,97,96,97,97,97,97,97,98,98,99,98,98,98,99,99,99,99,98,98,97,547030
"71","Micronesia, Fed. Sts.","Oceania","OCEANIA","FSM",NA,NA,NA,NA,NA,NA,NA,57,85,95,85,79,91,78,81,83,79,75,80,76,85,75,84,92,78,94,67,79,85,91,85,84,81,81,77,72,69,702
"72","Gabon","Africa","SUB-SAHARAN AFRICA","GAB",NA,NA,NA,14,31,48,59,65,72,78,78,72,66,67,69,70,62,54,50,45,45,45,45,45,45,45,45,81,82,76,67,75,82,79,70,80,75,267667
"73","United Kingdom","Europe","WESTERN EUROPE","GBR",41,46,53,59,65,65,67,73,75,78,84,88,92,93,93,94,94,92,91,92,91,91,91,91,92,91,92,92,92,93,94,95,95,95,95,96,94,244820
"74","Georgia","Europe","C.W. OF IND. STATES","GEO",NA,NA,NA,NA,NA,NA,NA,NA,NA,NA,NA,NA,58,54,58,79,80,80,80,84,80,87,84,75,78,82,88,98,92,88,92,94,92,93,91,94,92,69700
"75","Ghana","Africa","SUB-SAHARAN AFRICA","GHA",7,22,23,23,19,22,35,42,47,51,58,60,62,66,70,70,71,71,76,79,88,79,78,80,80,84,84,94,93,94,94,91,92,90,98,88,93,239460
"76","Guinea","Africa","SUB-SAHARAN AFRICA","GIN",NA,NA,15,15,15,15,15,15,16,17,17,36,52,53,53,54,48,47,56,43,46,50,53,57,60,59,57,63,60,57,64,63,62,63,51,54,57,245857
"77","Gambia, The","Africa","SUB-SAHARAN AFRICA","GMB",63,76,80,62,70,78,73,85,82,87,92,85,85,90,93,96,96,96,85,74,80,87,87,87,87,95,95,95,96,98,97,96,98,97,96,97,95,11300
"78","Guinea-Bissau","Africa","SUB-SAHARAN AFRICA","GNB",NA,NA,NA,9,18,18,47,55,66,54,61,63,67,63,74,45,53,63,54,45,49,53,57,60,64,68,71,74,77,80,83,86,87,87,87,87,87,36120
"79","Equatorial Guinea","Africa","SUB-SAHARAN AFRICA","GNQ",NA,NA,NA,NA,NA,3,3,10,19,48,77,77,76,76,77,79,80,81,81,33,34,35,36,37,38,39,40,41,42,43,44,41,24,3,20,16,19,28051
"80","Greece","Europe","WESTERN EUROPE","GRC",72,95,83,72,60,54,80,82,83,54,54,85,89,89,90,90,90,90,89,88,89,91,92,94,95,96,98,99,99,99,99,99,99,99,99,99,99,131940
"81","Grenada","America","LATIN AMER. & CARIB","GRD",25,43,56,68,76,61,98,80,65,87,80,85,90,89,91,95,80,95,97,88,97,96,98,97,83,99,91,96,99,99,97,95,97,97,97,92,96,344
"82","Guatemala","America","LATIN AMER. & CARIB","GTM",43,42,45,44,48,21,37,16,47,50,66,63,66,75,71,77,66,73,78,77,81,77,82,84,87,87,89,85,95,92,94,88,96,85,73,74,80,108890
"83","Guyana","America","LATIN AMER. & CARIB","GUY",35,45,53,58,70,75,64,67,64,77,83,81,79,93,90,86,83,88,90,83,88,85,91,90,91,93,93,94,93,98,95,93,97,98,98,95,97,214970
"84","High income",NA,NA,"HIC",75.4919923451764,80.1944079642651,82.4081617430715,83.7050957837053,86.1304709711628,85.0763734385271,87.5607333957682,86.4812299784591,87.2718225647863,89.6117148910665,88.2983748881018,88.1540540934953,87.4929525650414,87.9953886220428,90.7282831918483,91.2808213276941,93.197952542304,90.5057250446368,90.6722282076865,92.6067036210312,92.2219437052264,93.8510064784026,94.4648811459515,95.7790485984075,95.6338324913652,95.7673356435225,95.8088471930083,95.4938538151191,95.7235988083928,95.4025343703308,95.4768496140698,95.8146808592822,95.4346982023832,95.3425124196024,95.5816473760134,95.5197286617311,95.3935656966756,NA
"85","Honduras","America","LATIN AMER. & CARIB","HND",28,34,46,52,41,58,62,58,74,85,84,94,93,94,94,94,94,95,97,95,94,96,95,92,94,98,95,94,93,97,97,97,97,97,97,97,97,112090
"86","Heavily indebted poor countries (HIPC)",NA,NA,"HPC",NA,19.2925247757574,19.5310072859041,21.418407596771,22.9523408176816,26.3233854183294,31.1454768497203,38.2526155473661,41.9663638909351,47.3758703740512,52.608578854255,45.7147406914411,45.5405675150139,48.3704149001142,51.3736529158299,52.9430394375493,52.5996839627946,51.9223290865546,49.6803734325386,49.4939879020895,53.368206468954,54.5937913415835,57.1210150196172,61.3996676165239,64.8887631103904,68.3208820580955,69.6739393401368,72.2039460294,72.4503747463054,74.7202390378289,75.1130187254993,76.9967351529431,78.0803046977546,77.942283352316,79.752492717182,79.7603015851647,80.3131441092227,NA
"87","Croatia","Europe","EASTERN EUROPE","HRV",NA,NA,NA,NA,NA,NA,NA,NA,NA,NA,NA,NA,83,85,87,90,91,92,93,93,93,94,95,94,96,96,96,96,96,96,97,96,96,96,95,94,93,56542
"88","Haiti","America","LATIN AMER. & CARIB","HTI",3,14,13,9,14,19,24,28,48,50,41,36,38,39,41,42,42,42,39,38,41,45,48,53,55,60,60,63,63,65,66,68,67,68,48,60,58,27750
"89","Hungary","Europe","EASTERN EUROPE","HUN",99,99,99,99,99,99,99,99,99,99,99,99,99,99,99,99,99,99,99,99,99,99,99,99,99,99,99,99,99,99,99,99,99,99,99,99,99,93030
"90","IBRD only",NA,NA,"IBD",NA,NA,NA,37.3560048851396,44.7016764643397,50.2524909716154,52.8370872499478,57.4616226904549,69.427692631444,73.5195566689453,81.1927599919281,77.5622769355432,75.4981235801844,76.1648832947037,77.587138557067,77.708530144522,76.7865269424372,76.5481848922645,76.7306180013214,76.5464678593303,76.6800505477169,77.2745209648351,76.4027762653167,77.6519948032986,79.0930639805297,79.9985332468484,81.3609042510381,81.3384671565749,84.6296712526272,86.5431036420854,88.093255779126,89.2534409971834,89.5638119390985,89.1229705232251,88.655300361238,89.177500983004,90.1168184324971,NA
"91","IDA & IBRD total",NA,NA,"IBT",NA,NA,NA,33.1206603053464,38.5417012934802,43.7261295500905,47.0097975910782,51.7503687216314,61.9748577987277,67.4452496114949,75.5378766197006,71.058968118907,69.195932496192,69.1116933942837,71.3165802328398,71.5599866291775,70.1145459490256,69.9570939221113,70.2591889131572,69.9206983585158,70.777187771321,71.2701099976344,70.9656854004144,72.5754151852503,74.6463127116775,76.1176781136904,77.6478105324706,78.0208905396816,80.3229893723,82.8563783393255,83.8322637554543,84.2504169087654,84.0225185900289,83.7634240987727,84.0676514035877,84.2371648685844,84.8724814522659,NA
"92","IDA total",NA,NA,"IDA",NA,12.5352885014577,13.7042644544411,17.0115495731976,19.5895969464072,23.9494722304445,29.3767641864353,34.4793740457713,39.4185928614516,49.2006837925375,58.8733091477472,52.074039568184,51.7533935466674,50.6154750295382,55.6913893812034,56.9131699748856,55.414998467217,55.2265104420315,56.1155888498948,55.818206435555,58.4372259502178,58.8518639541617,59.9522545550028,62.4329749749805,65.8831810482371,68.5768221523838,70.4701129991343,71.7629372888754,72.3236385995751,76.1094744262211,76.1409843790741,75.4511859835861,74.3155292401064,74.4763169961306,76.2141717168795,75.8993840852576,76.1527156764962,NA
"93","IDA blend",NA,NA,"IDB",NA,NA,NA,NA,23.7356149230426,30.930369335687,36.0515294062526,40.6284020804783,44.9010604819546,50.3983689086815,59.3808435708769,51.1393714010965,51.7304965889731,41.9731292299647,49.8730100859803,55.1224404994935,47.2090048481029,46.5291895874824,52.4228255739697,53.0871884638047,53.5724367166182,53.2668299631104,53.790707943389,54.0343379672143,54.8055578419621,60.6923260910895,62.9875623336169,63.282436641676,64.5059576305858,71.4025951913633,72.2402087816648,68.01545685593,64.7789876409928,65.9110837081398,67.2451078134505,66.4658810105329,66.4862501222537,NA
"94","Indonesia","Asia","ASIA (EX. NEAR EAST)","IDN",NA,1,1,6,13,27,47,50,54,57,60,62,64,66,68,69,72,73,74,75,75,76,70,71,71,72,72,73,77,78,81,81,83,85,78,78,79,1919440
"95","IDA only",NA,NA,"IDX",NA,13.5301598026145,14.1613715034114,15.9113121457791,17.4967674919244,20.5685684083496,26.1824175729311,31.4942029712909,36.7387614406548,48.6133794063687,58.6248145707769,52.5326969249061,51.7651480617125,54.9823014375997,58.6012990958642,57.801368396515,59.4261004856657,59.4901524717244,57.9191495363289,57.1322277795685,60.7665963980148,61.5180107671364,62.8755673548528,66.3972975994972,71.1035727672179,72.3043345913405,74.0118105185407,75.8551608134611,76.1487585315325,78.4435004226927,78.0970801526996,79.1987112697103,79.102828241917,78.7923247177495,80.7416398712915,80.6606293258521,81.0230483264381,NA
"96","India","Asia","ASIA (EX. NEAR EAST)","IND",6,6,12,14,16,18,20,30,40,50,70,57,56,61,67,71,66,62,61,59,58,59,59,61,63,65,65,64,70,74,79,82,82,83,85,87,88,3287590
"97","Ireland","Europe","WESTERN EUROPE","IRL",34,36,43,42,45,45,44,44,43,65,65,67,68,70,71,73,74,76,84,86,86,84,83,86,89,90,91,92,93,94,94,95,95,96,96,95,95,70280
"98","Iran, Islamic Rep.","Asia","ASIA (EX. NEAR EAST)","IRN",32,29,41,33,33,51,57,57,88,82,91,88,97,99,95,98,99,99,99,99,99,96,99,99,99,95,98,99,99,99,99,99,99,98,99,98,99,1648000
"99","Iraq","Asia","NEAR EAST","IRQ",14,13,18,16,67,86,91,94,87,87,83,78,74,70,72,74,76,78,76,81,80,78,77,75,74,65,59,57,69,78,74,79,69,68,64,58,63,437072
"100","Iceland","Europe","WESTERN EUROPE","ISL",99,99,98,94,99,99,99,99,99,99,99,99,99,99,99,99,99,99,99,98,98,92,95,97,99,95,97,97,98,96,96,95,89,91,90,92,91,103000
"101","Israel","Asia","NEAR EAST","ISR",84,91,92,89,87,85,92,92,92,92,93,94,95,96,95,96,94,95,92,91,93,92,90,93,95,93,95,95,94,96,95,94,94,96,95,95,94,20770
"102","Italy","Europe","WESTERN EUROPE","ITA",NA,NA,NA,NA,NA,NA,NA,NA,NA,NA,83,95,95,95,95,95,96,95,95,95,87,93,93,96,94,95,96,97,96,96,96,96,97,96,95,93,93,301230
"103","Jamaica","America","LATIN AMER. & CARIB","JAM",24,39,34,51,58,60,74,81,82,85,86,85,84,91,93,90,92,90,86,89,93,99,99,96,98,99,95,92,91,90,94,92,96,93,92,91,99,10991
"104","Jordan","Asia","NEAR EAST","JOR",30,81,75,76,81,85,88,90,93,94,92,92,92,91,94,95,96,99,99,85,91,99,95,97,95,95,98,98,97,98,98,98,98,98,98,99,98,92300
"105","Japan","Asia","ASIA (EX. NEAR EAST)","JPN",60,75,81,80,82,83,84,85,86,87,90,92,87,85,80,74,99,70,75,80,85,95,96,97,99,98,98,98,98,97,97,97,97,96,96,96,99,377835
"106","Kazakhstan","Europe","C.W. OF IND. STATES","KAZ",NA,NA,NA,NA,NA,NA,NA,NA,NA,NA,NA,NA,81,76,76,93,95,97,99,98,97,95,95,99,82,98,99,93,99,98,99,99,99,98,95,98,82,2717300
"107","Kenya","Africa","SUB-SAHARAN AFRICA","KEN",NA,NA,NA,NA,58,70,72,77,82,83,84,86,87,89,92,94,87,79,81,82,82,80,84,73,73,76,80,81,88,88,90,96,94,87,92,89,89,582650
"108","Kyrgyz Republic","Europe","C.W. OF IND. STATES","KGZ",NA,NA,NA,NA,NA,NA,NA,NA,NA,NA,NA,NA,84,64,82,93,98,98,97,99,99,99,98,98,99,98,92,94,95,95,96,96,96,97,96,97,96,198500
"109","Cambodia","Asia","ASIA (EX. NEAR EAST)","KHM",NA,NA,NA,NA,17,23,37,37,45,47,38,38,32,35,37,39,43,46,47,53,59,60,54,69,85,82,80,82,91,94,89,88,86,83,88,89,90,181040
"110","Kiribati","Oceania","OCEANIA","KIR",43,29,53,40,18,37,37,36,63,79,97,70,86,99,71,60,79,91,88,78,90,85,77,70,62,79,86,94,82,86,91,99,94,95,75,78,81,811
"111","St. Kitts and Nevis","America","LATIN AMER. & CARIB","KNA",56,67,92,90,97,92,99,96,94,99,99,99,99,99,99,99,99,99,97,98,98,99,96,98,95,99,99,99,98,97,95,97,97,96,97,93,97,261
"112","Korea, Rep.","Asia","ASIA (EX. NEAR EAST)","KOR",NA,61,61,69,76,76,76,57,58,89,74,79,84,88,93,99,90,80,74,86,97,97,97,97,88,96,98,91,94,94,94,99,99,99,99,98,98,98480
"113","Kuwait","Asia","NEAR EAST","KWT",67,79,83,89,89,90,91,92,94,94,71,80,88,97,99,99,99,96,95,94,98,99,99,99,98,99,99,99,99,99,98,99,98,99,95,99,99,17820
"114","Latin America & Caribbean (excluding high income)",NA,NA,"LAC",34.926477036873,39.6166126236649,44.128752644566,47.3303433768652,54.4628631784449,53.3803730044064,54.2743894519463,56.5872659400869,60.0375694735226,61.7950330118984,65.5900510816994,77.1249017276186,76.5805395052453,78.0034668685984,79.4840459477956,82.6575468585772,81.2173492987063,82.202730563781,85.7244290777788,88.697851800379,91.1939863903533,90.3563182770624,91.0462031752495,92.2746011475529,92.8645951312856,93.3509078672613,93.5957942822519,92.9114770513095,91.9734132705345,93.7297785567152,93.1757747364414,92.9560726016426,93.4763993380561,89.4072118753243,87.9112689078645,89.737318515816,89.303904055239,NA
"115","Lao PDR","Asia","ASIA (EX. NEAR EAST)","LAO",NA,7,7,7,5,4,5,10,17,21,18,22,23,25,48,54,58,60,54,55,51,52,53,49,45,49,57,50,61,67,74,78,79,87,88,89,82,236800
"116","Lebanon","Asia","NEAR EAST","LBN",NA,2,4,4,4,17,30,46,63,79,82,86,90,91,92,93,93,92,89,86,83,80,77,74,75,77,78,80,81,81,81,81,81,81,81,81,81,10400
"117","Liberia","Africa","SUB-SAHARAN AFRICA","LBR",NA,NA,NA,NA,NA,NA,NA,NA,NA,NA,NA,NA,NA,NA,NA,NA,NA,NA,NA,50,46,42,39,35,31,60,60,65,75,81,70,77,80,76,50,52,79,111370
"118","Libya","Africa","NORTHERN AFRICA","LBY",60,67,72,79,81,81,82,82,84,87,84,87,90,96,95,95,96,96,95,94,94,94,93,95,97,98,98,98,98,98,98,98,98,96,94,97,97,1759540
"119","St. Lucia","America","LATIN AMER. & CARIB","LCA",56,64,79,81,83,87,78,85,78,92,89,96,96,97,93,98,88,98,88,89,70,99,74,90,91,95,85,99,96,95,97,99,98,99,99,99,95,616
"120","Latin America & Caribbean",NA,NA,"LCN",37.028051575969,41.9924589098828,46.5285304424526,49.3881247289518,56.0810655432377,55.4566835458648,56.0842891853056,58.8776289051073,62.4054882153026,63.9852902574045,67.997980411381,77.8916673011915,77.3176400810808,78.6065049745499,80.0973867326535,83.1569554635167,81.6801538665969,82.8803193774171,85.8320121884984,88.7203761559796,90.7315448610821,90.1390796898509,91.3807445796995,92.6254761343235,93.2250977590346,93.6134111961594,93.3926650263966,92.7986610290959,92.0781840906289,93.6949551808212,93.2146031146128,92.8116550445519,93.1697292091898,89.7261407025005,88.4846888126169,90.0941651040764,89.542403686262,NA
"121","Least developed countries: UN classification",NA,NA,"LDC",NA,12.8137657992463,13.2595733564087,14.693581173614,16.4253555689863,19.2016583858788,23.2975964863899,29.8343828626257,34.7958347064825,46.1345474173035,56.5761509850875,50.3786161051454,48.6575490212861,52.4887352973332,55.9763431373344,54.9495503193636,56.7997177595454,57.1193969115772,55.4890539395691,53.784869397382,57.5621516833358,58.8971270128953,60.5314738444403,64.3566351761509,69.2853075080792,70.1070102325484,71.8142278553847,74.7654719799561,75.0327805596402,76.80932354275,76.9221936638558,78.689859765138,78.7213865227167,78.5732485867076,79.9510741771366,79.9569949051699,80.09879587028,NA
"122","Low income",NA,NA,"LIC",NA,21.2067944870016,21.1714244688338,22.7039007362581,25.6565907905582,27.4233936265106,33.9273822932037,39.8461770509053,43.8300724916205,49.0732834731732,55.0666429664247,46.7537790466394,47.1265362806505,49.9352825187576,52.0376407660957,53.3268113511663,52.6977835978346,52.0697193329417,50.7081294617855,49.208564756016,52.7147707395202,53.8171676309109,56.3654993306003,60.209052497593,63.8973021001285,66.8516793308511,68.9364473901164,70.8691459660525,70.7478788623248,73.335542647063,73.4508041964092,75.8850867708817,75.5840287927782,75.3207834467379,76.7617735435901,76.7267656121363,77.0448315677496,NA
"123","Sri Lanka","Asia","ASIA (EX. NEAR EAST)","LKA",46,45,57,64,66,70,75,77,83,87,86,86,88,90,88,93,92,97,94,99,99,98,98,99,97,99,98,98,98,97,99,99,99,99,99,99,99,65610
"124","Lower middle income",NA,NA,"LMC",NA,9.89436259351751,14.0680029228541,16.6146323338251,19.650676947928,25.6614014260289,30.1591492282693,37.4370375275424,45.2782297106749,55.3010252144494,68.5864023760707,60.6675226134448,60.0646233518405,61.3446528265246,66.4972861480404,68.6958157152499,66.1492662824006,64.5943990876657,65.1751938271838,64.4416842272301,64.7514439401351,65.3324754997292,64.4121217945455,66.6440549871204,68.7871303990227,70.6738769905325,71.2694659229972,71.5924684035592,75.0060147617544,78.1660438635935,80.2615403974445,80.4067660531151,80.1691819570075,80.2018357320574,80.5197770039224,80.8130283503951,82.3311650784506,NA
"125","Low & middle income",NA,NA,"LMY",NA,NA,NA,32.41472491876,37.9764733980686,43.1851094845911,46.5953225273179,51.3870860348577,61.7122608406032,67.2810536457358,75.3975761470927,70.9387794501682,69.0322720772978,68.9520224300336,71.1070373497219,71.2781391394893,69.7475701662354,69.539446822284,69.9030974722284,69.5719806959722,70.4933414782173,71.0117731649633,70.6401507556876,72.2329374275565,74.3502795811531,75.8650985756875,77.4846081740501,77.869269773157,80.180272121045,82.7359826987633,83.7189504229008,84.1618571957287,83.9545828321082,83.6705746407337,83.9755624686583,84.1595126459334,84.8191233511998,NA
"126","Lesotho","Africa","SUB-SAHARAN AFRICA","LSO",56,56,61,66,74,82,81,79,80,81,82,84,85,86,87,88,87,87,88,88,83,78,84,90,90,89,89,88,88,91,93,96,95,93,93,93,93,30355
"127","Late-demographic dividend",NA,NA,"LTE",NA,NA,NA,55.3170623137385,67.1436622945553,73.0361694439377,72.7077538138462,72.7657247684455,88.4277969267856,89.8675157333766,92.7664457206478,91.6507831460163,87.3105971798374,86.3208618997856,85.1673634124667,83.0060492937242,84.5839467602001,85.3416520464157,86.8063792327601,87.8632659598225,88.8405977357592,89.4644391374107,88.6861619859887,90.0997558886569,90.4846909516156,90.9367285674044,94.3635577156478,94.2920648989189,96.8053311928328,98.0672889807218,97.7588492855836,97.8229265691673,97.7096565009282,95.9760428408015,97.3667582125183,97.9162091802012,96.6329060014076,NA
"128","Lithuania","Europe","BALTICS","LTU",NA,NA,NA,NA,NA,NA,NA,NA,NA,NA,NA,NA,78,83,83,90,91,90,93,93,94,95,95,94,94,94,94,95,96,98,95,92,93,93,93,93,94,65200
"129","Luxembourg","Europe","WESTERN EUROPE","LUX",NA,NA,NA,75,68,77,86,95,90,90,90,91,93,94,95,97,98,98,98,98,99,99,99,98,99,99,99,99,99,99,99,99,99,99,99,99,99,2586
"130","Latvia","Europe","BALTICS","LVA",NA,NA,NA,NA,NA,NA,NA,NA,NA,NA,NA,NA,87,80,97,98,93,92,94,95,96,97,97,98,99,99,96,94,94,94,92,92,91,94,92,95,98,64589
"131","Morocco","Africa","NORTHERN AFRICA","MAR",NA,NA,32,41,45,51,63,85,82,80,81,81,87,86,87,90,95,94,93,91,95,96,94,91,97,98,97,95,99,99,99,99,99,99,99,99,99,446550
"132","Monaco","Europe","WESTERN EUROPE","MCO",NA,NA,NA,NA,NA,NA,NA,NA,99,99,99,98,98,99,99,99,99,99,99,99,99,99,99,99,99,99,99,99,99,99,99,99,99,99,99,99,99,2
"133","Moldova","Europe","C.W. OF IND. STATES","MDA",NA,NA,NA,NA,NA,NA,NA,NA,NA,NA,NA,NA,84,70,86,96,97,97,97,97,95,97,97,98,98,98,97,92,90,85,90,93,92,90,90,87,89,33843
"134","Madagascar","Africa","SUB-SAHARAN AFRICA","MDG",NA,NA,15,23,19,23,30,35,42,45,46,53,65,66,66,57,49,49,52,55,57,60,62,66,78,85,85,84,77,77,70,73,70,74,73,69,77,587040
"135","Maldives","Asia","ASIA (EX. NEAR EAST)","MDV",4,1,1,13,24,28,42,42,86,91,94,98,98,90,96,94,97,97,97,97,98,98,98,98,96,98,98,98,98,98,96,96,99,99,99,99,99,300
"136","Middle East & North Africa",NA,NA,"MEA",36.2570040597105,37.2103991869051,41.0550104759191,41.5236755276669,50.2961618824433,62.9742541056986,69.3570720701184,71.0951763007975,82.137887974912,85.2395976037649,87.8411303996909,81.5149476798952,84.4952149131427,85.3955204568244,83.3040437742893,86.3567010977423,87.3332780617404,86.4223821484224,89.0324907549397,90.1112478321161,91.1935704427382,91.0899361335125,89.6932720936087,89.1445039126183,90.1514863774387,89.6092158984125,89.9777012978697,89.6907014028457,90.9388044315964,92.129211776997,91.6870947427292,90.9639392993073,87.5156975255212,88.8383723342407,87.941152784418,86.6170550151955,87.798909289191,NA
"137","Mexico","America","LATIN AMER. & CARIB","MEX",44,43,40,41,52,40,51,62,60,65,53,88,90,82,91,91,95,95,96,96,97,97,97,98,98,98,98,98,96,95,95,97,99,83,87,87,97,1972550
"138","Marshall Islands","Oceania","OCEANIA","MHL",NA,NA,NA,NA,NA,NA,NA,NA,92,92,92,71,82,56,67,70,78,78,86,66,39,48,80,68,64,77,74,93,95,96,94,87,80,79,78,85,71,11854
"139","Middle income",NA,NA,"MIC",NA,NA,NA,33.557692347243,39.3539856682639,45.0635455745784,48.138470839662,52.7872598109733,63.8857629524184,69.5191616731296,77.9562497292977,74.0256749968713,71.9223194247236,71.6201867482031,73.928529975425,74.0598307281439,72.6008033203913,72.4352428342307,73.1630877154178,73.1639540489905,73.6978416468042,74.1564318777035,73.3127861408153,74.5257494281729,76.3790729322719,77.6444613721533,79.1883832176309,79.2945224664619,82.1294981128195,84.7056931268725,85.8977479112511,85.9743223610931,85.7993789875512,85.5301504404503,85.6014478385342,85.8588972316388,86.6223791288594,NA
"140","Macedonia, FYR","Europe","EASTERN EUROPE","MKD",NA,NA,NA,NA,NA,NA,NA,NA,NA,NA,NA,NA,NA,90,88,95,93,97,94,95,95,91,96,96,94,97,93,95,95,96,95,96,95,98,95,91,95,25333
"141","Mali","Africa","SUB-SAHARAN AFRICA","MLI",NA,NA,NA,NA,NA,8,8,8,18,26,42,34,38,46,39,49,53,52,52,40,43,49,61,63,69,77,78,74,74,73,73,66,66,69,73,64,68,1240000
"142","Malta","Europe","WESTERN EUROPE","MLT",NA,NA,NA,NA,50,37,86,87,87,47,63,86,82,83,88,92,92,92,92,93,94,95,95,94,89,92,85,74,72,73,76,96,99,99,99,97,97,316
"143","Myanmar","Asia","ASIA (EX. NEAR EAST)","MMR",4,5,9,11,12,16,20,23,28,50,88,66,71,73,77,84,88,90,90,75,82,73,79,78,82,73,82,86,85,90,90,84,84,75,88,89,90,678500
"144","Middle East & North Africa (excluding high income)",NA,NA,"MNA",34.7837027343605,34.5032462816844,38.3180049779337,38.3936342114291,47.3083753099507,61.1189016033987,67.4673604988209,69.0911646274847,81.3372703793984,84.1991361341821,87.5125132758305,80.457144886144,83.6572455870761,84.3377136680434,81.8938260144886,85.1832031342053,86.5257337348231,85.5723913756733,88.3811164202474,89.704942925434,90.7142140693282,90.4326582531739,89.0480079687036,88.3825027523779,89.3976883499576,88.8111441515921,89.2311403206309,88.9017490545842,90.1656585265353,91.4632474773122,90.9764425194194,90.1619091635187,86.3138271876436,87.742473703643,86.807668190826,85.2760636653344,86.6396797104164,NA
"145","Montenegro",NA,NA,"MNE",NA,NA,NA,NA,NA,NA,NA,NA,NA,NA,NA,NA,NA,NA,NA,NA,NA,NA,NA,NA,NA,NA,NA,NA,NA,NA,90,92,95,92,94,95,94,94,91,89,89,NA
"146","Mongolia","Asia","ASIA (EX. NEAR EAST)","MNG",76,78,79,79,77,80,81,80,82,84,84,81,64,79,78,88,90,92,94,94,94,95,98,98,99,99,99,95,96,95,96,99,99,98,99,99,99,1564116
"147","Mozambique","Africa","SUB-SAHARAN AFRICA","MOZ",NA,56,43,38,32,29,32,39,38,47,46,46,50,49,55,57,60,62,65,68,70,73,76,85,83,80,78,75,75,74,74,76,76,78,79,80,80,801590
"148","Mauritania","Africa","SUB-SAHARAN AFRICA","MRT",NA,18,20,20,21,27,32,30,28,28,33,29,39,44,50,55,50,28,16,53,51,75,89,76,70,71,68,75,74,64,64,75,80,80,84,73,73,1030700
"149","Mauritius","Africa","SUB-SAHARAN AFRICA","MUS",89,82,94,89,85,88,86,84,86,85,85,91,88,88,89,93,89,90,89,85,88,92,88,99,98,97,97,97,99,99,99,98,98,98,97,97,96,2040
"150","Malawi","Africa","SUB-SAHARAN AFRICA","MWI",58,66,64,63,58,55,57,78,82,87,87,87,87,91,82,89,90,95,96,85,75,90,64,84,89,93,99,87,91,93,93,97,96,89,91,88,84,118480
"151","Malaysia","Asia","ASIA (EX. NEAR EAST)","MYS",67,66,73,58,54,57,62,69,68,84,90,92,94,91,95,98,97,98,97,97,98,96,94,96,95,96,95,97,97,97,96,96,97,97,97,99,98,329750
"152","North America",NA,NA,"NAC",96,96,96,97,97,96,97,95.907454516899,96.0061035116025,93.3710062139369,89.8208645536899,86.1768171966033,83.5412683625744,88.181127263268,93.909422676669,94.2795218714081,94.5517935409471,95.1227213454823,95.4844670958933,95.4961733266607,93.5894577010865,93.5999443250068,93.530379005635,95.6155708220445,95.6192726873985,95.7715420473125,95.9247784106511,95.8430139449733,95.6783665680922,94.6703753532195,94.4945865463662,95.2199895466604,94.0873077516374,93.7345021741939,94.6427887410013,94.6414753007035,94.6414389373954,NA
"153","Namibia","Africa","SUB-SAHARAN AFRICA","NAM",NA,NA,NA,NA,NA,NA,NA,NA,NA,NA,NA,69,70,73,79,74,70,66,74,72,79,78,77,79,81,86,86,86,83,83,83,82,84,89,88,92,92,825418
"154","Niger","Africa","SUB-SAHARAN AFRICA","NER",NA,6,6,5,5,4,5,7,9,13,22,19,20,20,20,23,23,25,29,32,34,36,39,41,43,45,51,57,67,71,70,75,71,67,68,65,67,1267000
"155","Nigeria","Africa","SUB-SAHARAN AFRICA","NGA",NA,NA,NA,NA,9,16,22,29,36,47,56,39,43,29,44,34,26,21,32,31,29,27,25,29,33,36,40,42,53,63,54,48,42,46,49,49,49,923768
"156","Nicaragua","America","LATIN AMER. & CARIB","NIC",16,23,27,24,33,39,45,51,47,68,70,75,81,81,81,80,80,80,73,79,83,87,85,86,79,86,88,93,97,98,98,98,98,98,98,98,98,129494
"157","Netherlands","Europe","WESTERN EUROPE","NLD",96,96,97,97,97,97,97,97,97,97,97,97,98,97,97,97,97,97,97,97,97,97,97,98,98,96,96,97,97,97,97,97,97,97,96,95,95,41526
"158","Norway","Europe","WESTERN EUROPE","NOR",NA,NA,NA,90,90,85,83,80,83,83,86,96,98,94,93,97,97,95,93,92,90,91,93,92,92,91,94,93,94,94,93,94,95,94,93,95,96,323802
"159","Nepal","Asia","ASIA (EX. NEAR EAST)","NPL",8,16,18,23,27,32,38,46,45,44,43,46,49,51,54,54,65,78,71,65,74,72,72,78,80,75,89,82,82,89,82,92,90,92,92,91,87,147181
"160","Nauru","Oceania","OCEANIA","NRU",NA,NA,NA,NA,67,67,61,55,67,75,74,70,67,63,60,56,53,50,72,64,44,95,80,80,80,80,72,99,99,99,99,99,79,87,95,91,91,21
"161","New Zealand","Oceania","OCEANIA","NZL",76,72,73,73,83,72,70,67,69,80,90,81,81,83,84,89,88,86,81,88,90,90,90,90,89,89,89,88,89,92,93,95,93,92,93,92,92,268680
"162","OECD members",NA,NA,"OED",69.7677760425761,75.6893266289737,75.734912106212,76.4608710090176,80.130198494572,76.737438551637,79.2798342194593,83.2063319349747,83.3303907971332,85.193922071572,82.6069149147578,87.0483224222928,87.1763068044918,86.1727367301439,90.7088639312873,89.3306330566198,92.1866568391704,90.1682560539562,90.7124570058975,92.1855357704222,92.5640369172302,94.1332913319376,93.4040406678691,93.7357334957613,94.9631943852908,95.509385050934,95.9328744388776,96.1569458885779,95.8836535940845,95.3903552743086,95.4970826861974,96.2561011263432,96.2363906303794,93.6970062945814,94.3467881027633,94.3779715252618,96.0021826918806,NA
"163","Oman","Asia","NEAR EAST","OMN",18,19,24,31,45,60,82,89,90,98,98,95,99,97,97,99,99,99,99,99,99,99,99,99,99,99,98,99,99,98,99,99,98,98,99,99,99,212460
"164","Other small states",NA,NA,"OSS",NA,NA,NA,49.230742941189,54.8654932159883,59.6323030801475,67.8000304100982,72.637153817723,76.6696612385356,80.6171104670396,84.9730989238593,79.4580500726457,79.1017026198749,79.8933346393065,83.0842005156256,80.6887432679054,79.9009793890372,78.9303935330849,78.5638977956314,73.8329452097165,75.8850604365401,76.768184370576,77.0751403991248,78.5348267029405,78.8661533578198,80.5573942930049,81.547064451017,85.3600413157094,86.5600662996108,86.4295069541444,85.5342305603074,86.1866174385148,87.5367568964926,86.7017290406131,85.8188780719245,86.9970507636019,87.0075631037342,NA
"165","Pakistan","Asia","ASIA (EX. NEAR EAST)","PAK",2,3,5,15,23,30,34,36,38,40,54,50,42,37,39,58,46,52,55,58,62,65,68,67,65,77,78,75,62,71,82,74,72,72,72,72,72,803940
"166","Panama","America","LATIN AMER. & CARIB","PAN",47,78,60,60,59,73,70,72,75,70,86,82,77,83,83,86,91,95,98,92,98,99,99,98,95,92,88,85,86,85,94,87,85,80,80,73,73,78200
"167","Peru","America","LATIN AMER. & CARIB","PER",16,20,23,23,28,48,50,43,60,58,72,71,83,87,87,90,94,90,94,99,98,90,95,94,86,77,94,93,93,93,93,91,95,88,88,90,89,1285220
"168","Philippines","Asia","ASIA (EX. NEAR EAST)","PHL",47,54,54,55,57,59,66,72,79,86,88,90,80,76,73,70,75,81,81,80,78,79,79,84,88,89,88,87,91,87,79,87,88,89,67,60,86,300000
"169","Palau","Oceania","OCEANIA","PLW",NA,NA,NA,NA,NA,NA,98,81,99,78,99,98,93,89,67,99,98,91,96,96,96,98,99,99,98,98,98,94,92,49,69,84,89,99,95,90,98,458
"170","Papua New Guinea","Oceania","OCEANIA","PNG",32,32,29,27,34,40,44,44,48,53,68,68,58,58,61,62,56,45,60,60,59,55,61,68,62,72,72,71,63,73,67,72,74,79,73,73,72,462840
"171","Poland","Europe","EASTERN EUROPE","POL",96,96,95,95,95,94,95,96,96,96,96,95,95,95,96,96,97,98,98,98,98,98,99,99,99,99,99,99,99,99,99,99,99,99,98,98,98,312685
"172","Pre-demographic dividend",NA,NA,"PRE",NA,NA,NA,NA,25.0253220899949,29.9644604709876,34.2398698667205,41.0994011662105,45.6724772824849,51.0862779826886,54.9809939420898,48.3717141406665,49.8903311808924,47.4338040474387,50.2033366560199,48.8847825159929,46.8688056951376,45.4993523807843,47.7670471880543,48.1622482170195,50.5783301659197,51.5207231720092,52.8679784746152,56.0961687640693,59.6414953689682,62.1199859442017,63.6684926508572,66.7995003301311,69.5675151173216,73.0419346098621,71.6547742667054,71.6645733807549,70.4354125924837,70.3607703054122,71.4338668519991,71.1188208732115,71.5662353039377,NA
"173","Korea, Dem. Peopleâ€™s Rep.","Asia","ASIA (EX. NEAR EAST)","PRK",50,52,51,52,67,55,61,86,87,97,98,97,90,90,77,64,50,37,43,50,56,62,64,68,72,79,89,92,92,93,93,94,96,93,93,96,96,120540
"174","Portugal","Europe","WESTERN EUROPE","PRT",73,75,78,79,78,72,81,83,81,88,89,96,94,93,97,93,95,94,97,97,96,97,98,99,95,93,97,97,97,96,98,97,98,98,98,98,98,92391
"175","Paraguay","America","LATIN AMER. & CARIB","PRY",17,28,34,45,67,57,53,58,56,61,67,66,73,66,71,68,72,75,79,82,86,89,87,86,92,96,98,95,89,85,89,89,87,86,87,93,93,406750
"176","Pacific island small states",NA,NA,"PSS",54.4094345566231,56.813047318612,52.3966642329105,61.6076590404912,63.0369018384549,60.6095952155845,61.8042607229654,78.0112265002873,84.2959215217526,83.0219006729142,88.8002383986189,86.7401540743182,87.5665094149429,86.371154495442,84.3757443974299,84.8938770758963,85.9772559416722,82.1851203416896,82.3664185277088,86.1540447338509,87.1032126032898,84.8029739048664,84.019634907366,86.0259044129113,84.2082798084783,84.955161284088,86.5095322948401,86.147216626819,82.7989009769094,86.0931076620037,86.504548496193,89.7853503746144,89.0925365515733,88.2243857550382,84.6959640255686,87.9307169726574,88.0135958295938,NA
"177","Post-demographic dividend",NA,NA,"PST",NA,83.1257790785503,85.2383287867003,86.5262166132714,88.3409507429496,86.4011944344803,89.1152390944071,86.7425624254488,87.496885326468,89.8209766726839,87.8794166265959,88.3765509278283,87.3703968629594,88.0013531736404,91.0922200695815,91.4276763784735,93.8637514849484,90.6431957894613,90.9596427012628,93.0351865509928,92.6766608760934,94.3874712330792,94.5233154369086,95.1348988107402,95.4526649240522,95.6154591540207,96.1210195291427,95.7662803870316,95.5387687578504,94.2925210945026,93.5594813810989,93.9571380197423,94.8463691265033,94.5055593860208,92.5341600249517,92.5165003091908,92.4841875151116,NA
"178","Qatar","Asia","NEAR EAST","QAT",61,43,37,49,60,71,72,72,69,81,82,86,88,90,91,92,92,92,94,92,80,93,96,92,96,97,96,94,97,99,97,93,92,97,89,99,98,11437
"179","Romania","Europe","EASTERN EUROPE","ROU",NA,NA,NA,NA,NA,95,89,92,96,96,96,98,98,91,98,98,98,97,97,97,99,99,98,97,97,97,97,96,96,95,94,89,91,92,94,89,89,237500
"180","Russian Federation","Europe","C.W. OF IND. STATES","RUS",NA,NA,NA,NA,NA,NA,NA,NA,NA,NA,NA,NA,73,79,88,78,84,88,91,95,96,96,97,96,97,98,98,98,98,98,97,97,97,97,97,97,97,17075200
"181","Rwanda","Africa","SUB-SAHARAN AFRICA","RWA",NA,17,38,59,55,50,87,88,80,82,84,91,85,83,23,83,89,73,79,85,90,77,88,96,89,95,99,97,97,97,97,97,98,98,98,98,98,26338
"182","South Asia",NA,NA,"SAS",6.18220167782874,5.83952262582346,10.7489298503492,13.4215119100765,16.0066029611045,18.462342608982,20.7151687425825,29.3078748197371,37.8816240950482,48.8332173654781,67.0615920826175,57.4525856644694,54.9984349100361,58.8355041526805,64.3344880291181,68.1579288531065,64.3014262311601,62.3310421865366,61.6234140131037,60.6923712373214,60.6972367956477,62.1981443904311,62.3978531157314,64.3686408660401,66.9868297765426,69.3634628564224,69.807397788468,68.7281877807591,71.6983919677122,75.8468927434642,80.5887849218196,82.0381703112249,81.5258497312303,82.3199711313434,83.729721812888,85.1836172075768,85.7857011226263,NA
"183","Saudi Arabia","Asia","NEAR EAST","SAU",41,53,62,67,76,81,86,89,89,96,92,91,91,94,95,96,93,92,94,93,95,97,95,95,96,96,96,96,98,98,98,98,98,98,98,98,98,1960582
"184","Sudan","Africa","SUB-SAHARAN AFRICA","SDN",1,1,2,3,4,8,14,27,40,60,62,62,53,51,46,48,56,55,46,55,62,66,60,69,74,78,78,84,86,81,90,93,92,93,94,93,93,2505810
"185","Senegal","Africa","SUB-SAHARAN AFRICA","SEN",NA,NA,NA,NA,NA,NA,54,57,59,47,51,51,59,58,57,80,70,59,59,60,52,52,60,73,87,84,89,94,88,86,89,92,91,92,89,89,93,196190
"186","Singapore","Asia","ASIA (EX. NEAR EAST)","SGP",84,87,83,84,77,78,91,96,90,90,85,91,89,92,95,98,97,98,97,97,98,96,94,96,95,96,95,97,97,97,96,96,97,97,96,96,97,693
"187","Solomon Islands","Oceania","OCEANIA","SLB",46,35,23,27,45,38,42,66,69,67,77,76,71,65,68,69,72,72,70,88,86,84,78,84,90,89,99,90,89,92,90,99,99,94,88,98,99,28450
"188","Sierra Leone","Africa","SUB-SAHARAN AFRICA","SLE",NA,NA,NA,NA,NA,NA,NA,NA,NA,NA,NA,NA,NA,NA,NA,NA,NA,NA,NA,43,44,38,53,73,65,65,64,64,77,84,86,89,91,92,83,86,84,71740
"189","El Salvador","America","LATIN AMER. & CARIB","SLV",44,42,42,21,31,55,50,53,63,64,80,61,60,79,90,99,96,97,99,94,99,92,81,94,90,89,96,99,98,91,89,89,92,92,94,91,93,21040
"190","San Marino","Europe","WESTERN EUROPE","SMR",NA,NA,NA,99,99,99,99,99,99,99,99,99,99,99,88,99,99,99,NA,99,96,96,96,96,98,95,95,92,87,92,79,86,96,69,80,76,66,61
"191","Somalia","Africa","SUB-SAHARAN AFRICA","SOM",NA,2,5,5,10,22,17,25,26,18,19,20,21,22,23,22,21,19,33,36,33,33,40,40,30,35,26,40,31,42,45,41,42,42,42,42,42,637657
"192","Serbia","Europe","EASTERN EUROPE","SRB",NA,NA,NA,NA,NA,NA,NA,NA,NA,NA,NA,NA,84,85,85,89,91,94,93,92,95,93,95,89,88,98,92,94,95,95,91,94,91,95,93,95,92,88361
"193","Sub-Saharan Africa (excluding high income)",NA,NA,"SSA",NA,NA,NA,NA,26.6069833368309,30.2570453484487,34.7204992189611,41.2671656609561,44.8436620341491,50.5442359517973,56.6904890006367,49.0994225634756,49.4571992549283,49.2518789766268,54.0307379923949,52.9201624572755,50.6354546444853,49.4616924166521,50.0785938883088,48.7260845657843,51.4492921658327,51.6745159808154,53.1058068431481,56.0598083532124,59.2227738812883,62.2031744584941,64.1379599340744,67.4847208578601,69.7736563268889,72.8505931901511,72.0344245501394,72.0869886525825,71.641943413429,72.2092570466427,74.0571531998997,73.5151007130988,73.5737212672109,NA
"194","South Sudan",NA,NA,"SSD",NA,NA,NA,NA,NA,NA,NA,NA,NA,NA,NA,NA,NA,NA,NA,NA,NA,NA,NA,NA,NA,NA,NA,NA,NA,NA,NA,NA,NA,NA,NA,61,59,45,39,31,26,NA
"195","Sub-Saharan Africa",NA,NA,"SSF",NA,NA,NA,NA,26.6149277701418,30.2629805802401,34.7266406512337,41.271811340387,44.8482593811647,50.5484276944022,56.6942009851744,49.1034963863194,49.4610736861613,49.2556796263495,54.0340741546494,52.9235537473225,50.6390451222815,49.4650730229249,50.081808570776,48.7291993223143,51.4520917146956,51.6770344959348,53.1085622799387,56.062421889654,59.2252095088708,62.2054089487951,64.1400719270321,67.4865384423386,69.7752743476097,72.8519852163552,72.0358155735453,72.0883640569434,71.6432434316627,72.2105171239134,74.0583550327284,73.5162071184245,73.5747636362666,NA
"196","Small states",NA,NA,"SST",NA,NA,54.6661891476399,53.1951687763713,58.4168254393718,62.4670389936758,69.0881401258205,74.6427471058077,77.4722758508958,81.0626995172041,85.3695104702687,80.9159593728135,80.750658322062,82.0966395244398,84.4826794565573,82.6533720534173,82.1282943895966,81.2274453016444,80.8106121064894,77.4372252546776,79.3802105502528,80.3548811875262,80.4386002356039,81.4136925671416,81.8656361802937,83.3041415314657,83.7026801938219,86.4097521988792,86.9927195826576,87.254228206982,86.8364486694142,87.2845198054481,88.5923285551111,87.7185597845312,86.7087830491395,87.8745542980702,88.3381709591191,NA
"197","Sao Tome and Principe","Africa","SUB-SAHARAN AFRICA","STP",NA,42,34,26,49,48,65,72,77,63,92,87,68,60,83,79,68,73,73,78,82,92,92,94,96,97,97,97,99,98,98,96,96,97,95,96,96,1001
"198","Suriname","America","LATIN AMER. & CARIB","SUR",25,27,61,85,80,84,80,71,64,72,83,75,74,76,74,84,85,81,90,85,71,68,73,75,85,83,84,84,85,87,96,86,84,86,85,89,91,163270
"199","Slovak Republic","Europe","EASTERN EUROPE","SVK",NA,NA,NA,NA,NA,NA,NA,NA,NA,NA,NA,NA,NA,NA,99,99,99,99,99,99,99,99,99,99,99,99,99,99,99,99,99,99,99,98,97,96,96,48845
"200","Slovenia","Europe","EASTERN EUROPE","SVN",NA,NA,NA,NA,NA,NA,NA,NA,NA,NA,NA,NA,98,98,98,98,98,94,91,92,91,92,93,95,94,95,97,97,97,96,96,96,96,95,95,95,94,20273
"201","Sweden","Europe","WESTERN EUROPE","SWE",99,99,99,99,99,99,99,99,99,99,99,99,99,99,99,99,99,99,99,99,99,99,99,99,99,98,98,98,98,98,98,98,98,98,98,98,98,449964
"202","Swaziland","Africa","SUB-SAHARAN AFRICA","SWZ",NA,30,39,43,50,61,74,86,89,89,89,79,93,89,96,82,82,82,83,83,84,84,85,85,86,86,87,87,88,88,89,91,95,98,98,90,90,17363
"203","Seychelles","Africa","SUB-SAHARAN AFRICA","SYC",NA,13,55,97,95,86,94,89,94,97,99,98,96,96,96,97,99,98,99,99,98,96,99,99,99,99,99,99,99,99,99,99,98,98,99,97,96,455
"204","Syrian Arab Republic","Asia","NEAR EAST","SYR",13,14,15,21,25,29,86,42,59,94,91,89,89,90,89,89,88,87,87,86,84,82,84,83,81,80,80,80,79,80,80,72,45,41,43,41,42,185180
"205","Chad","Africa","SUB-SAHARAN AFRICA","TCD",NA,NA,NA,1,3,3,10,14,14,20,20,18,10,13,18,18,20,24,35,45,36,26,25,23,21,25,40,28,19,24,39,33,40,39,37,46,46,1284000
"206","East Asia & Pacific (IDA & IBRD countries)",NA,NA,"TEA",NA,NA,NA,44.9287851859625,56.0111226228284,64.3347658465328,68.4100840319799,68.2664829186134,84.7336858575418,87.4802161204749,90.6081868074332,88.438588829862,85.2603361599713,83.2389317742531,81.7030849959888,78.7764988616797,81.2884425831601,82.7604040808564,82.907214266547,83.0530067972414,83.3286522741872,83.6982635735826,81.8174889682584,83.7625411834476,84.7655870585167,84.6608913801989,88.4838804987439,88.5272412328147,92.0301259264932,93.5300093246708,93.1716373723922,93.78873468414,94.3263155961806,92.4744515662417,91.8891651924754,91.4988729390542,93.6141789203126,NA
"207","Europe & Central Asia (IDA & IBRD countries)",NA,NA,"TEC",NA,NA,NA,NA,NA,NA,NA,NA,NA,NA,NA,NA,80.8205937873725,76.9046340714579,85.7973824969376,83.0780490332724,86.5512868424365,89.3543674892938,90.6906282179678,91.3450513755445,93.0079683578393,93.8334782994332,91.5956383250924,87.6671558535384,92.6499549928093,94.8789426412739,94.624334267297,95.8727693494651,95.7463358417949,94.2487263470079,92.8374195909561,92.7595822540179,95.0657915183787,95.5698933837628,91.0546707340571,91.5530490860833,90.7570345437011,NA
"208","Togo","Africa","SUB-SAHARAN AFRICA","TGO",NA,9,14,18,11,24,37,61,54,72,77,73,69,66,62,58,50,42,42,57,64,50,59,72,71,82,84,82,81,78,83,85,84,84,87,88,89,56785
"209","Thailand","Asia","ASIA (EX. NEAR EAST)","THA",49,52,49,49,53,62,66,75,80,84,92,90,85,89,93,96,94,95,96,97,97,96,96,98,98,98,98,98,99,99,99,99,99,99,99,99,99,514000
"210","Tajikistan","Europe","C.W. OF IND. STATES","TJK",NA,NA,NA,NA,NA,NA,NA,NA,NA,NA,NA,NA,72,64,81,80,75,81,79,82,83,85,85,85,86,84,83,86,86,93,93,96,94,96,97,96,96,143100
"211","Turkmenistan","Europe","C.W. OF IND. STATES","TKM",NA,NA,NA,NA,NA,NA,NA,NA,NA,NA,NA,NA,84,73,90,93,97,98,99,98,97,95,98,83,97,99,98,98,96,96,96,97,97,98,98,99,98,488100
"212","Latin America & the Caribbean (IDA & IBRD countries)",NA,NA,"TLA",36.6115358107687,41.6820705522927,45.8117356055886,48.6841818675823,55.627740232887,54.8878829109788,55.3349435152659,58.4014730881372,61.8005150731914,63.4345659980174,67.5818946498313,77.5282574071102,77.044767220039,78.2937566320989,79.8196929120406,82.9346231181779,81.5738415095051,82.6579716972031,85.6505872741887,88.6393845648162,90.6693770311681,90.0294586827344,91.282313166958,92.8864879926399,93.2891800350936,93.6692973685163,93.4455401561123,92.795109365757,92.0465463580435,93.6675997051466,93.1818944079191,92.7609401236672,93.1005855584577,89.6109203666309,88.3515024400717,89.9808535768814,89.4206229152158,NA
"213","Timor-Leste","Asia","ASIA (EX. NEAR EAST)","TLS",NA,NA,NA,NA,NA,NA,NA,NA,NA,NA,NA,NA,NA,NA,NA,NA,NA,NA,NA,NA,NA,NA,54,55,57,55,63,70,79,72,72,67,83,82,77,76,85,15007
"214","Middle East & North Africa (IDA & IBRD countries)",NA,NA,"TMN",34.7837027343605,34.5032462816844,38.3180049779337,38.3936342114291,47.3083753099507,61.1189016033987,67.4673604988209,69.0911646274847,81.3372703793984,84.1991361341821,87.5125132758305,80.457144886144,83.6572455870761,84.3377136680434,81.8938260144886,85.1832031342053,86.5257337348231,85.5723913756733,88.3811164202474,89.704942925434,90.7142140693282,90.4326582531739,89.0480079687036,88.3825027523779,89.3976883499576,88.8111441515921,89.2311403206309,88.9017490545842,90.1656585265353,91.4632474773122,90.9764425194194,90.1619091635187,86.3138271876436,87.742473703643,86.807668190826,85.2760636653344,86.6396797104164,NA
"215","Tonga","Oceania","OCEANIA","TON",40,37,52,63,51,92,75,99,92,93,94,88,99,96,89,95,99,96,96,91,91,89,84,90,90,89,88,87,86,84,82,82,77,82,80,78,78,748
"216","South Asia (IDA & IBRD)",NA,NA,"TSA",6.18220167782874,5.83952262582346,10.7489298503492,13.4215119100765,16.0066029611045,18.462342608982,20.7151687425825,29.3078748197371,37.8816240950482,48.8332173654781,67.0615920826175,57.4525856644694,54.9984349100361,58.8355041526805,64.3344880291181,68.1579288531065,64.3014262311601,62.3310421865366,61.6234140131037,60.6923712373214,60.6972367956477,62.1981443904311,62.3978531157314,64.3686408660401,66.9868297765426,69.3634628564224,69.807397788468,68.7281877807591,71.6983919677122,75.8468927434642,80.5887849218196,82.0381703112249,81.5258497312303,82.3199711313434,83.729721812888,85.1836172075768,85.7857011226263,NA
"217","Sub-Saharan Africa (IDA & IBRD countries)",NA,NA,"TSS",NA,NA,NA,NA,26.6149277701418,30.2629805802401,34.7266406512337,41.271811340387,44.8482593811647,50.5484276944022,56.6942009851744,49.1034963863194,49.4610736861613,49.2556796263495,54.0340741546494,52.9235537473225,50.6390451222815,49.4650730229249,50.081808570776,48.7291993223143,51.4520917146956,51.6770344959348,53.1085622799387,56.062421889654,59.2252095088708,62.2054089487951,64.1400719270321,67.4865384423386,69.7752743476097,72.8519852163552,72.0358155735453,72.0883640569434,71.6432434316627,72.2105171239134,74.0583550327284,73.5162071184245,73.5747636362666,NA
"218","Trinidad and Tobago","America","LATIN AMER. & CARIB","TTO",26,62,54,60,65,75,70,79,82,77,82,82,87,81,85,89,89,90,91,90,90,91,96,91,94,95,92,88,90,90,90,90,92,92,92,96,97,5128
"219","Tunisia","Africa","NORTHERN AFRICA","TUN",NA,NA,NA,62,66,70,72,84,91,93,93,93,95,94,93,94,95,96,96,99,97,98,96,95,97,98,99,98,99,99,98,98,97,98,98,98,98,163610
"220","Turkey","Asia","NEAR EAST","TUR",42,64,58,56,56,55,45,86,86,79,84,72,77,76,87,67,72,79,81,79,85,88,78,68,85,90,90,96,96,96,97,97,97,98,96,97,98,780580
"221","Tuvalu","Oceania","OCEANIA","TUV",36,49,72,79,37,52,73,59,89,85,99,74,70,80,99,87,97,77,94,83,82,96,98,93,98,93,97,97,99,88,89,96,97,90,89,96,94,26
"222","Tanzania","Africa","SUB-SAHARAN AFRICA","TZA",59,55,50,52,58,67,74,79,85,77,78,81,83,83,84,81,82,79,79,76,79,87,89,95,95,90,90,83,86,85,91,90,92,91,97,98,97,945087
"223","Uganda","Africa","SUB-SAHARAN AFRICA","UGA",NA,9,12,14,14,14,21,30,38,42,45,49,53,56,60,59,57,56,48,50,52,55,57,59,62,64,64,73,71,79,80,82,78,78,78,78,78,236040
"224","Ukraine","Europe","C.W. OF IND. STATES","UKR",NA,NA,NA,NA,NA,NA,NA,NA,NA,NA,NA,NA,88,93,97,98,99,99,98,99,99,99,99,97,99,96,98,98,90,71,52,50,76,76,23,23,19,603700
"225","Upper middle income",NA,NA,"UMC",NA,NA,NA,54.4363783730767,65.751557164956,69.8330065849321,70.4125426046082,71.3087166793246,85.7427551568415,86.0106768073154,88.9097745252933,89.3980650665485,86.4671594887795,85.1369430835343,84.4386870425953,82.124851409326,83.6584474245816,84.9703996054821,86.06972286837,87.3405523176522,88.3458095100378,88.4363534360671,88.2281705127603,87.8785474240896,89.3594113017248,89.6391905862151,92.6837498913305,92.6390256753454,94.480495808962,96.0241244106633,95.6094590485145,95.5583220258217,95.3222130893118,94.4570275205607,94.0711978466985,94.2821574431969,93.7749047027584,NA
"226","Uruguay","America","LATIN AMER. & CARIB","URY",53,57,67,73,62,63,70,85,82,88,97,96,93,92,91,91,91,91,91,93,90,94,95,91,94,96,95,94,94,95,95,95,95,94,95,95,95,176220
"227","United States","America","NORTHERN AMERICA","USA",96,96,96,97,97,96,97,97,97,94,90,86,83,88,94,95,95,96,96,96,94,94,94,96,96,96,96,96,96,95,95,96,94,94,95,95,95,9631420
"228","Uzbekistan","Europe","C.W. OF IND. STATES","UZB",NA,NA,NA,NA,NA,NA,NA,NA,NA,NA,NA,NA,90,45,67,87,95,96,99,99,99,99,99,98,99,99,96,96,98,98,99,99,99,99,99,99,99,447400
"229","St. Vincent and the Grenadines","America","LATIN AMER. & CARIB","VCT",26,32,67,80,86,90,95,97,98,98,98,99,99,99,99,97,99,99,99,95,98,99,99,99,99,99,99,99,99,99,99,96,96,97,98,98,98,389
"230","Venezuela, RB","America","LATIN AMER. & CARIB","VEN",56,54,53,58,33,49,58,57,56,57,63,64,67,67,63,68,57,60,39,76,77,70,65,68,86,87,71,62,50,84,78,78,81,82,78,87,84,912050
"231","Vietnam","Asia","ASIA (EX. NEAR EAST)","VNM",NA,NA,NA,4,5,42,43,50,70,88,88,88,88,91,94,93,94,95,94,93,96,96,75,99,96,95,94,92,93,96,93,95,97,59,95,97,96,329560
"232","Vanuatu","Oceania","OCEANIA","VUT",NA,NA,22,27,28,30,31,56,58,61,76,83,77,86,74,73,67,72,72,71,71,70,70,69,69,68,68,67,67,66,65,65,64,64,64,64,64,12200
"233","World",NA,NA,"WLD",NA,NA,NA,38.4929479402644,43.5658460552019,47.8747946239555,51.107384905314,55.2522709848837,64.4651133079656,69.6475941164407,76.8075504977545,72.7868499826065,71.0345353328009,71.0757821641698,73.3429311524402,73.5781423489401,72.5311373438832,71.9176078507842,72.2219982773981,72.0970863599175,72.8449122303343,73.4068846975705,73.1884231872799,74.7467978789389,76.6219979586521,77.9901125279413,79.4427616711404,79.7550821582848,81.8445758510808,84.0889709107264,84.9662171137476,85.3958264684188,85.1377489720344,84.8531709951168,85.1343628716478,85.2832869168125,85.843332506021,NA
"234","Samoa","Oceania","OCEANIA","WSM",29,66,87,89,96,89,94,93,90,66,90,79,91,92,93,94,95,96,98,95,95,85,86,83,55,49,39,53,26,49,62,65,64,67,63,66,62,2944
"235","Yemen, Rep.","Asia","NEAR EAST","YEM",1,3,4,5,7,12,13,18,36,56,84,47,50,54,33,44,47,40,68,71,74,73,65,61,72,79,78,79,78,76,76,69,67,73,73,69,71,527970
"236","South Africa","Africa","SUB-SAHARAN AFRICA","ZAF",NA,NA,NA,74,75,75,70,72,70,71,72,81,79,81,73,72,73,76,75,74,73,71,70,69,74,79,82,82,79,76,72,69,65,73,77,75,66,1219912
"237","Zambia","Africa","SUB-SAHARAN AFRICA","ZMB",NA,NA,NA,49,59,66,66,83,83,83,91,79,83,86,90,86,84,83,84,84,85,85,84,83,83,82,81,80,87,94,83,81,78,79,86,90,91,752614
"238","Zimbabwe","Africa","SUB-SAHARAN AFRICA","ZWE",NA,39,46,53,60,63,75,84,85,87,88,87,86,85,87,88,90,86,84,81,78,75,71,68,65,68,70,73,75,73,89,93,95,95,91,87,90,390580
