"","Country","Continent","Region","Country.Code","Density1960","Density1970","Density1980","Density1990","Density2000","Density2010","Density2017","Area","logArea"
"1","Aruba","America","LATIN AMER. & CARIB","ABW",280.886010362694,306.025906735751,311.378238341969,322.015544041451,470.740932642487,526.782383419689,545.40932642487,193,5.26269018890489
"2","Afghanistan","Asia","ASIA (EX. NEAR EAST)","AFG",13.8939783783784,17.1832015444015,20.4608030888031,18.9175505791506,31.0328277992278,44.4836555984556,54.872711969112,647500,13.3808740725558
"3","Angola","Africa","SUB-SAHARAN AFRICA","AGO",4.52649554824737,5.43545439961498,7.16282987085907,9.76292692708751,13.1875543434668,18.7447910483677,23.8904251223229,1246700,14.0360106183331
"4","Albania","Europe","EASTERN EUROPE","ALB",55.9621538889662,74.2826979268123,92.9454918603033,114.322457214415,107.451892305552,101.329518575205,99.9532837066926,28748,10.2663234785883
"5","Andorra","Europe","WESTERN EUROPE","AND",28.6559829059829,51.8717948717949,77.0662393162393,116.472222222222,139.722222222222,180.446581196581,164.455128205128,468,6.14846829591765
"6","Arab World",NA,NA,"ARB",NA,NA,NA,NA,NA,NA,NA,NA,NA
"7","United Arab Emirates","Asia","NEAR EAST","ARE",1.11768822393822,2.84144546332046,12.577027027027,22.4441843629344,38.066180019305,99.7910714285714,113.418737934363,82880,11.3251490574933
"8","Argentina","America","LATIN AMER. & CARIB","ARG",7.45207615770775,8.66426131866464,10.1579347209322,11.829071267741,13.3931786229304,14.8989981531611,16.0002894947034,2766890,14.8332345037324
"9","Armenia","Europe","C.W. OF IND. STATES","ARM",62.889932885906,84.7337248322148,104.018489932886,118.730369127517,103.006308724832,96.5540604026846,98.3372483221476,29800,10.3022636724935
"10","American Samoa","Oceania","OCEANIA","ASM",100.56783919598,137.145728643216,163.100502512563,236.371859296482,289.050251256281,279.582914572864,279.603015075377,199,5.29330482472449
"11","Antigua and Barbuda","America","LATIN AMER. & CARIB","ATG",124.918735891648,151.462753950339,165.783295711061,150.555304740406,188.677200902935,213.681715575621,230.27539503386,443,6.09356977004514
"12","Australia","Oceania","OCEANIA","AUS",1.33689053383376,1.62706440219336,1.91131607875788,2.22003811704404,2.49165783123126,2.86616104125877,3.20013178350039,7686850,15.8550216346766
"13","Austria","Europe","WESTERN EUROPE","AUT",84.0293191844521,89.0316680577084,90.013509002027,91.5446524382974,95.5236198879218,99.7186598306904,105.034124239895,83870,11.3370232599785
"14","Azerbaijan","Europe","C.W. OF IND. STATES","AZE",44.9814780600462,59.8155311778291,71.024688221709,82.6674364896074,92.9399538106235,104.553487297921,113.884861431871,86600,11.3690550945505
"15","Burundi","Africa","SUB-SAHARAN AFRICA","BDI",100.111606180381,124.16837944664,147.92730865972,194.589112468559,229.993029105282,315.01724757456,390.378907653611,27830,10.2338698545199
"16","Belgium","Europe","WESTERN EUROPE","BEL",299.839131289308,316.285017033543,322.957350628931,326.499574161426,335.798283542977,356.904677672956,372.512709643606,30528,10.326399574248
"17","Benin","Africa","SUB-SAHARAN AFRICA","BEN",21.5913869650151,25.8598827916889,33.0062599893447,44.2061445569171,60.965645533653,81.6840614455692,99.2336352335287,112620,11.6317745988086
"18","Burkina Faso","Africa","SUB-SAHARAN AFRICA","BFA",17.6122830051058,20.5127644055434,24.8827242888403,32.1336032093363,42.3338512035011,56.9118052516411,69.9977461706783,274200,12.5216130461104
"19","Bangladesh","Asia","ASIA (EX. NEAR EAST)","BGD",334.720465277778,451.720625,565.769861111111,737.421125,913.758631944444,1056.59098611111,1143.5399375,144000,11.8775685785581
"20","Bulgaria","Europe","EASTERN EUROPE","BGR",70.9347579118204,76.5447119285907,79.8984311604003,78.6068794518078,73.6648814353981,66.6810837616085,63.7993959065909,110910,11.6164743405988
"21","Bahrain","Asia","NEAR EAST","BHR",244.251127819549,319.706766917293,541.184962406015,745.760902255639,999.41954887218,1865.95789473684,2244.48721804511,665,6.49978704065585
"22","Bahamas, The","America","LATIN AMER. & CARIB","BHS",7.8571018651363,12.1487804878049,15.1119799139168,18.3885222381636,21.3694404591105,25.8846484935438,28.3616212338594,13940,9.54251768431451
"23","Bosnia and Herzegovina","Europe","EASTERN EUROPE","BIH",63.0888145670754,73.549785835827,81.7511588335387,87.297267695437,73.6706370161748,72.7979033425258,68.591542959964,51129,10.8421071298933
"24","Belarus","Europe","C.W. OF IND. STATES","BLR",39.4894026974952,43.5452793834297,46.4499036608863,49.0799614643545,48.0713391136802,45.7157177263969,45.7990125240848,207600,12.2433684302739
"25","Belize","America","LATIN AMER. & CARIB","BLZ",4.00870852564661,5.32012540276931,6.2768875729339,8.16650701036315,10.7687451014543,14.0036575807716,16.3145954889837,22966,10.0417701403361
"26","Bermuda","America","NORTHERN AMERICA","BMU",837.735849056604,1037.7358490566,1031.50943396226,1119.35849056604,1166.66037735849,1228.75471698113,1234.7358490566,53,3.97029191355212
"27","Bolivia","America","LATIN AMER. & CARIB","BOL",3.36202097252817,4.10145642556755,5.08799996358936,6.24100566185439,7.59117406106064,9.02823827122285,10.0598955014655,1098580,13.9095289947368
"28","Brazil","America","LATIN AMER. & CARIB","BRA",8.48306519117501,11.199152369635,14.2340530065619,17.5461418133181,20.5930812685437,23.119957495126,24.5875397748933,8511965,15.956983378713
"29","Barbados","America","LATIN AMER. & CARIB","BRB",535.821345707657,554.171693735499,585.136890951276,604.116009280742,626.095127610209,648.651972157773,662.921113689095,431,6.06610809010375
"30","Brunei Darussalam","Asia","ASIA (EX. NEAR EAST)","BRN",14.1672443674177,22.4580589254766,33.6133448873484,44.8500866551127,57.7540727902946,67.3590987868284,74.2975736568458,5770,8.66042735950215
"31","Bhutan","Asia","ASIA (EX. NEAR EAST)","BTN",4.7508085106383,6.34682978723404,8.70578723404255,11.4314893617021,12.2003404255319,15.4817234042553,17.1831914893617,47000,10.7579028806922
"32","Botswana","Africa","SUB-SAHARAN AFRICA","BWA",0.873714542698669,1.15861385478955,1.6675683328614,2.29510468544398,2.87879141196262,3.3560404417276,3.81708113330113,600370,13.3053014108042
"33","Central African Republic","Africa","SUB-SAHARAN AFRICA","CAF",2.4133974548303,2.93540283538582,3.65951774042351,4.71886918444133,6.02741964480629,7.14067295468262,7.47865113710786,622984,13.3422761152568
"34","Canada","America","NORTHERN AMERICA","CAN",1.79365056631817,2.13567398822395,2.46307589534757,2.78336690145994,3.08169423726573,3.40574841231608,3.67644428909518,9984670,16.1165614747115
"35","Central Europe and the Baltics",NA,NA,"CEB",NA,NA,NA,NA,NA,NA,NA,NA,NA
"36","Switzerland","Europe","WESTERN EUROPE","CHE",129.034318236861,149.694284330346,153.049358198111,162.642746427706,173.994914022766,189.510995398402,205.037951077743,41290,10.6283756188801
"37","Channel Islands","America",NA,"CHI",NA,NA,NA,NA,NA,NA,NA,NA,NA
"38","Chile","America","LATIN AMER. & CARIB","CHL",10.1943655459409,12.6347380936654,14.883712266332,17.4940643371425,20.1634903230068,22.4497707906731,23.8519400224585,756950,13.53705248004
"39","China","Asia","ASIA (EX. NEAR EAST)","CHN",69.5084693486271,85.2681474133476,102.24435654624,118.285894699988,131.567183774862,139.388410496657,144.461892099165,9596960,16.0769569396219
"40","Cote d'Ivoire","Africa","SUB-SAHARAN AFRICA","CIV",11.0369906344973,16.2575048067977,25.7200117844074,38.0442659554673,51.7476927370837,63.2677882528065,75.341902871674,322460,12.6837343765177
"41","Cameroon","Africa","SUB-SAHARAN AFRICA","CMR",10.8873212182399,13.7296714622245,18.1271117280835,24.6407916876998,32.1265227999327,42.0042381793707,50.5925605754669,475440,13.0719959700405
"42","Congo, Dem. Rep.","Africa","SUB-SAHARAN AFRICA","COD",6.50131576142338,8.53152966858673,11.2378910297134,14.7584349857807,20.071708997574,27.5104408184497,34.6804985055918,2345410,14.6679707846651
"43","Congo, Rep.","Africa","SUB-SAHARAN AFRICA","COG",3.03280701754386,3.9906783625731,5.3799269005848,7.13583918128655,9.43195029239766,12.8265877192982,15.3823099415205,342000,12.7425660160447
"44","Colombia","America","LATIN AMER. & CARIB","COL",14.4703119649489,19.3704638645723,24.3547778138747,30.0915480591091,35.4759884450922,40.3175817228754,43.081204836203,1138910,13.945582222626
"45","Comoros","Africa","SUB-SAHARAN AFRICA","COM",88.0741935483871,106.015668202765,141.85668202765,189.67465437788,249.934101382488,317.830414746544,375.07465437788,2170,7.68248244653451
"46","Cabo Verde","Africa","SUB-SAHARAN AFRICA","CPV",50.1636498884205,66.9967765931069,71.077857674188,84.771386064964,107.879742127449,124.568311430697,135.479295809571,4033,8.30226579487337
"47","Costa Rica","America","LATIN AMER. & CARIB","CRI",26.0868884540117,36.1813307240704,46.7575342465753,60.5869863013699,76.8188454011742,88.9487279843444,96.0033072407045,51100,10.8415397761918
"48","Caribbean small states","America",NA,"CSS",NA,NA,NA,NA,NA,NA,NA,NA,NA
"49","Cuba","America","LATIN AMER. & CARIB","CUB",64.415794696013,78.6137741295327,88.7170936316074,95.4544560707198,100.583943712791,102.228495399603,103.595850622407,110860,11.6160234229738
"50","Curacao","America",NA,"CUW",NA,NA,NA,NA,NA,NA,NA,NA,NA
"51","Cayman Islands","America","LATIN AMER. & CARIB","CYM",30.0190839694656,34.9007633587786,61.6870229007634,95.4580152671756,159.110687022901,211.858778625954,234.958015267176,262,5.5683445037611
"52","Cyprus","Asia","NEAR EAST","CYP",61.9383783783784,66.3374054054054,74.097945945946,82.8771891891892,101.976864864865,120.281837837838,127.519027027027,9250,9.13237883050647
"53","Czech Republic","Europe","EASTERN EUROPE","CZE",121.750893921335,124.997730327391,130.65443917531,131.024205614587,130.031483782619,132.81274566987,134.295171556818,78866,11.2755054887372
"54","Germany","Europe","WESTERN EUROPE","DEU",203.951308186353,218.948714501388,219.282832102313,222.488394240115,230.270790793819,229.053557073674,231.625030460393,357021,12.7855498825612
"55","Djibouti","Africa","SUB-SAHARAN AFRICA","DJI",3.63634782608696,6.94169565217391,15.6069565217391,25.6694782608696,31.1993043478261,37.006347826087,41.6080434782609,23000,10.0432494949113
"56","Dominica","America","LATIN AMER. & CARIB","DMA",79.5901856763926,94.2612732095491,99.8859416445623,94.0663129973475,92.4084880636605,94.7480106100796,98.0437665782493,754,6.62539236800796
"57","Denmark","Europe","WESTERN EUROPE","DNK",106.270084002413,114.372232793428,118.880284958463,119.295934468836,123.906251450318,128.734464194551,133.884137002831,43094,10.6711390552642
"58","Dominican Republic","America","LATIN AMER. & CARIB","DOM",67.5978247486148,92.4094808126411,119.213400369382,147.417340447363,175.715616663246,203.118920582803,220.952144469526,48730,10.7940501358376
"59","Algeria","Africa","NORTHERN AFRICA","DZA",4.67090782369192,6.10899342497502,8.11915448369679,10.8795951699178,13.0928060997422,15.1643911594045,17.3478809609781,2381740,14.6833418709667
"60","East Asia & Pacific (excluding high income)",NA,NA,"EAP",NA,NA,NA,NA,NA,NA,NA,NA,NA
"61","Early-demographic dividend",NA,NA,"EAR",NA,NA,NA,NA,NA,NA,NA,NA,NA
"62","East Asia & Pacific",NA,NA,"EAS",NA,NA,NA,NA,NA,NA,NA,NA,NA
"63","Europe & Central Asia (excluding high income)",NA,NA,"ECA",NA,NA,NA,NA,NA,NA,NA,NA,NA
"64","Europe & Central Asia",NA,NA,"ECS",NA,NA,NA,NA,NA,NA,NA,NA,NA
"65","Ecuador","America","LATIN AMER. & CARIB","ECU",16.030293412329,21.4153159825081,28.1296550994499,36.0350225701792,44.5358865848498,52.6685357596276,58.6290661588376,283560,12.555179019969
"66","Egypt, Arab Rep.","Africa","NORTHERN AFRICA","EGY",26.9574447051775,34.9955294822507,44.035290828299,57.3290878226571,69.8047710819312,83.9858265515003,97.4119037395776,1001450,13.8169595077294
"67","Euro area",NA,NA,"EMU",NA,NA,NA,NA,NA,NA,NA,NA,NA
"68","Eritrea","Africa","SUB-SAHARAN AFRICA","ERI",11.5190487965711,14.9347016155621,19.6632047477745,25.6619765908342,27.9657187603033,36.1922189251566,NA,121320,11.7061869618025
"69","Spain","Europe","WESTERN EUROPE","ESP",60.3329754230539,66.9883850850466,74.2719926621789,76.9982329005392,80.3670970834935,92.2713111798757,92.2616654318102,504782,13.1318819318872
"70","Estonia","Europe","BALTICS","EST",26.7885066112413,30.0728784327599,32.6630478043603,34.696280900367,30.8889797903861,29.4404767169327,29.0868084730023,45226,10.7194274216829
"71","Ethiopia","Africa","SUB-SAHARAN AFRICA","ETH",19.6528678667089,25.2101821711307,31.2874219143007,42.6629084388893,59.0326830960486,77.8108145754649,93.1194426182675,1127127,13.9351824752267
"72","European Union",NA,NA,"EUU",NA,NA,NA,NA,NA,NA,NA,NA,NA
"73","Fragile and conflict affected situations",NA,NA,"FCS",NA,NA,NA,NA,NA,NA,NA,NA,NA
"74","Finland","Europe","WESTERN EUROPE","FIN",13.0998062961156,13.6222833399873,14.1345724467314,14.7464283073829,15.3076609146964,15.8611010069645,16.2986381581866,338145,12.7312300765563
"75","Fiji","Oceania","OCEANIA","FJI",21.5318007662835,28.4909140667761,34.7703886152162,39.8811165845649,44.4019157088123,47.0689655172414,49.5622331691297,18270,9.81301564937205
"76","France","Europe","WESTERN EUROPE","FRA",85.5789207173281,95.1229274445643,101.165899493629,106.964532109756,111.351297003821,118.873749154525,122.696466372959,547030,13.2122589245072
"77","Faroe Islands","Europe","WESTERN EUROPE","FRO",24.7755539671194,27.9363831308077,31.1036454610436,34.0200142959257,33.7798427448177,34.7033595425304,35.2323087919943,1399,7.24351297466548
"78","Micronesia, Fed. Sts.","Oceania","OCEANIA","FSM",63.4430199430199,87.508547008547,103.937321937322,137.223646723647,153.037037037037,147.60113960114,150.347578347578,702,6.55393340402581
"79","Gabon","Africa","SUB-SAHARAN AFRICA","GAB",1.86494412833857,2.20467222332226,2.72412736721374,3.55745011525515,4.59945379893674,6.1278005880441,7.5658822342687,267667,12.49749894959
"80","United Kingdom","Europe","WESTERN EUROPE","GBR",214.034801078343,227.363981700841,230.022939302345,233.835413773385,240.554341965526,256.377603953925,269.676795196471,244820,12.4082785256295
"81","Georgia","Europe","C.W. OF IND. STATES","GEO",52.3041606886657,59.1090387374462,64.0989956958393,68.8952654232425,63.390243902439,56.3271162123386,53.3299856527977,69700,11.1519555967486
"82","Ghana","Africa","SUB-SAHARAN AFRICA","GHA",27.7803683287397,35.9015409671761,45.1099473816086,61.0885325315293,79.0894596174726,102.364085859851,120.411045686127,239460,12.3861416672708
"83","Gibraltar","Europe","WESTERN EUROPE","GIB",3342,4080,4324.57142857143,4166.28571428571,4454.28571428571,4741.28571428571,4938.71428571429,7,1.94591014905531
"84","Guinea","Africa","SUB-SAHARAN AFRICA","GIN",14.5507713833651,17.1635137498627,18.3517329179157,24.5715761601256,35.8279243625359,43.9042614202565,51.7259057094165,245857,12.4125053450807
"85","Gambia, The","Africa","SUB-SAHARAN AFRICA","GMB",32.56,39.5827433628319,53.483982300885,81.1334513274336,109.012743362832,149.747699115044,185.890973451327,11300,9.33255800470043
"86","Guinea-Bissau","Africa","SUB-SAHARAN AFRICA","GNB",17.0655869324474,19.7072812846069,22.1720376522702,28.0254706533776,34.419407530454,43.0753045404208,51.5305370985604,36120,10.4946020075309
"87","Equatorial Guinea","Africa","SUB-SAHARAN AFRICA","GNQ",9.10209974688959,10.9270614238352,9.10217104559552,15.2167837153756,21.9002174610531,33.906242201704,45.1922926098891,28051,10.2417795609393
"88","Greece","Europe","WESTERN EUROPE","GRC",63.147832348037,66.6424586933455,73.0824996210399,77.2835531302107,81.8994088221919,84.2908973775959,81.5554115507049,131940,11.7901025527769
"89","Grenada","America","LATIN AMER. & CARIB","GRD",261.247093023256,274.494186046512,258.735465116279,279.892441860465,295.404069767442,304.293604651163,313.44476744186,344,5.8406416573734
"90","Greenland","America","NORTHERN AMERICA","GRL",0.0150040210776488,0.0214211254770125,0.0231754417876299,0.0256684175974546,0.0259454149096573,0.0262708867514956,0.0259320267062342,2166086,14.5884324102793
"91","Guatemala","America","LATIN AMER. & CARIB","GTM",38.6697309211131,51.6281752227018,66.8882266507485,85.0749655615759,106.995527596657,134.359601432638,155.326503811186,108890,11.5980934773401
"92","Guam","Oceania","OCEANIA","GUM",123.367837338262,155.040665434381,192.482439926063,241.186691312384,287.1146025878,294.720887245841,303.56561922366,541,6.29341927884648
"93","Guyana","America","LATIN AMER. & CARIB","GUY",2.65999441782574,3.27922035632879,3.62912499418524,3.45773363725171,3.50421454156394,3.47283807042843,3.61845373773085,214970,12.2782537624902
"94","High income",NA,NA,"HIC",NA,NA,NA,NA,NA,NA,NA,NA,NA
"95","Hong Kong SAR, China","Asia","ASIA (EX. NEAR EAST)","HKG",2816.4880952381,3625.45787545788,4636.53846153846,5223.9010989011,6103.47985347985,6432.41758241758,6768.95604395604,1092,6.99576615630485
"96","Honduras","America","LATIN AMER. & CARIB","HND",18.1875011151753,24.2364082433759,32.8154697118387,44.2084753323222,58.2057543045767,73.108912481042,82.6573913819252,112090,11.6270573990151
"97","Heavily indebted poor countries (HIPC)",NA,NA,"HPC",NA,NA,NA,NA,NA,NA,NA,NA,NA
"98","Croatia","Europe","EASTERN EUROPE","HRV",73.2199073255279,78.012804640798,81.1432209684836,84.5389268154646,78.2780941600934,78.1327331894875,72.9669979837997,56542,10.9427390038091
"99","Haiti","America","LATIN AMER. & CARIB","HTI",139.321045045045,169.680792792793,205.003099099099,255.846198198198,308.079279279279,360.346558558559,395.719963963964,27750,10.2309911191746
"100","Hungary","Europe","EASTERN EUROPE","HUN",107.319864559819,111.124475975492,115.136214124476,111.512286359239,109.759980651403,107.492454047082,105.139492636784,93030,11.4406773007626
"101","IBRD only",NA,NA,"IBD",NA,NA,NA,NA,NA,NA,NA,NA,NA
"102","IDA & IBRD total",NA,NA,"IBT",NA,NA,NA,NA,NA,NA,NA,NA,NA
"103","IDA total",NA,NA,"IDA",NA,NA,NA,NA,NA,NA,NA,NA,NA
"104","IDA blend",NA,NA,"IDB",NA,NA,NA,NA,NA,NA,NA,NA,NA
"105","Indonesia","Asia","ASIA (EX. NEAR EAST)","IDN",45.7386086566915,59.8272308590005,76.8403101946401,94.5259143291793,110.209451194098,126.351499916642,137.535624452965,1919440,14.4675440347943
"106","IDA only",NA,NA,"IDX",NA,NA,NA,NA,NA,NA,NA,NA,NA
"107","Isle of Man","Europe","WESTERN EUROPE","IMN",84.6888111888112,96.8968531468531,111.103146853147,119.631118881119,126.842657342657,139.986013986014,147.354895104895,572,6.3491389913798
"108","India","Asia","ASIA (EX. NEAR EAST)","IND",136.720396399794,168.384291532703,211.943556526209,264.67213977412,320.310900081823,374.432545116636,407.344020087663,3287590,15.0056653315193
"109","Not classified",NA,NA,"INX",NA,NA,NA,NA,NA,NA,NA,NA,NA
"110","Ireland","Europe","WESTERN EUROPE","IRL",40.2475811041548,42.0781161070006,48.5600455321571,49.9996300512237,54.1430563460444,64.8855293113261,68.4918611269209,70280,11.160242542301
"111","Iran, Islamic Rep.","Asia","ASIA (EX. NEAR EAST)","IRN",13.2930236650485,17.3021905339806,23.4637257281553,34.1178307038835,40.128552184466,45.247276092233,49.2492645631068,1648000,14.3150729894516
"112","Iraq","Asia","NEAR EAST","IRQ",16.6786273199839,22.691874565289,31.2382307720467,39.9682546582714,53.9165469304829,70.3836004136618,87.5705101219021,437072,12.9878532202317
"113","Iceland","Europe","WESTERN EUROPE","ISL",1.70460194174757,1.98483495145631,2.21493203883495,2.47403883495146,2.73014563106796,3.08777669902913,3.31343689320388,103000,11.5424842672118
"114","Israel","Asia","NEAR EAST","ISR",101.782378430429,143.187289359653,186.711603273953,224.36206066442,302.792489167068,367.048627828599,419.470389985556,20770,9.94126491687016
"115","Italy","Europe","WESTERN EUROPE","ITA",166.649072137569,178.673604886631,187.344829532251,188.292135577466,189.031995485177,196.784573249676,201.013896358264,301230,12.6156293715416
"116","Jamaica","America","LATIN AMER. & CARIB","JAM",148.144117914657,170.628787189519,196.801473933218,220.566099535984,241.730870712401,256.31971613138,262.969611500318,10991,9.3048320350689
"117","Jordan","Asia","NEAR EAST","JOR",10.100292524377,18.6231094257855,25.7250487540628,38.5761863488624,55.2885157096425,77.8157096424702,105.11758396533,92300,11.4327994204909
"118","Japan","Asia","ASIA (EX. NEAR EAST)","JPN",244.81737266267,276.165521987111,309.082006696045,326.960181031403,335.710032156894,338.957481440311,335.55863538317,377835,12.8422128713679
"119","Kazakhstan","Europe","C.W. OF IND. STATES","KAZ",3.57496779891804,4.69482390608324,5.34314356162367,6.01626614654252,5.47735840724248,6.00665071946417,6.63807676737938,2717300,14.815149298213
"120","Kenya","Africa","SUB-SAHARAN AFRICA","KEN",13.9113361366172,19.3126096284219,27.9224062473183,40.1656346005321,53.9783454904316,70.9691101004033,85.2996859177894,582650,13.2753419420014
"121","Kyrgyz Republic","Europe","C.W. OF IND. STATES","KGZ",10.9435768261965,14.9113350125945,18.223677581864,22.1219143576826,24.6770780856423,27.4453400503778,31.2418136020151,198500,12.1985443791094
"122","Cambodia","Asia","ASIA (EX. NEAR EAST)","KHM",31.6083186036235,38.6370304904993,36.9647978347327,49.5655214317278,67.1252430402121,79.0363455589925,88.4079374723818,181040,12.1064732803074
"123","Kiribati","Oceania","OCEANIA","KIR",50.8421701602959,63.1048088779285,73.1676942046856,89.2872996300863,104.076448828607,126.574599260173,143.524044389642,811,6.69826805411541
"124","St. Kitts and Nevis","America","LATIN AMER. & CARIB","KNA",196.149425287356,171.973180076628,165.555555555556,156.452107279693,173.846743295019,197.107279693487,212.049808429119,261,5.56452040732269
"125","Korea, Rep.","Asia","ASIA (EX. NEAR EAST)","KOR",253.984301380991,327.384514622258,387.122004467912,435.30953493095,477.336626726239,503.189601949634,522.605615353371,98480,11.4976087608583
"126","Kuwait","Asia","NEAR EAST","KWT",15.1300785634119,41.9061167227834,77.0099887766554,117.823512906846,115.080864197531,168.242592592593,232.128395061728,17820,9.7880767010248
"127","Latin America & Caribbean (excluding high income)",NA,NA,"LAC",NA,NA,NA,NA,NA,NA,NA,NA,NA
"128","Lao PDR","Asia","ASIA (EX. NEAR EAST)","LAO",8.95648648648649,11.3531587837838,13.7590540540541,17.9834121621622,22.5055067567568,26.3778462837838,28.9618243243243,236800,12.374971181992
"129","Lebanon","Asia","NEAR EAST","LBN",173.550576923077,220.902788461538,250.508942307692,259.905384615385,311.092884615385,417.032788461538,584.842019230769,10400,9.24956108512946
"130","Liberia","Africa","SUB-SAHARAN AFRICA","LBR",10.0593786477507,12.7191254377301,16.9553201041573,18.8312112777229,25.9003501840711,35.4505252761067,42.4881565951333,111370,11.6206132703871
"131","Libya","Africa","NORTHERN AFRICA","LBY",0.823179353694716,1.21254759766757,1.82972026779727,2.52148913920684,3.04383588892551,3.50610955136001,3.62288780022051,1759540,14.3805629692165
"132","St. Lucia","America","LATIN AMER. & CARIB","LCA",145.936688311688,169.090909090909,191.537337662338,224.326298701299,254.787337662338,280.162337662338,290.331168831169,616,6.42324696353352
"133","Latin America & Caribbean",NA,NA,"LCN",NA,NA,NA,NA,NA,NA,NA,NA,NA
"134","Least developed countries: UN classification",NA,NA,"LDC",NA,NA,NA,NA,NA,NA,NA,NA,NA
"135","Low income",NA,NA,"LIC",NA,NA,NA,NA,NA,NA,NA,NA,NA
"136","Liechtenstein","Europe","WESTERN EUROPE","LIE",103.09375,132.90625,161.6625,179.66875,208.0375,225.01875,237.0125,160,5.07517381523383
"137","Sri Lanka","Asia","ASIA (EX. NEAR EAST)","LKA",150.502682517909,190.302636793172,229.170187471422,264.132190214906,286.266392318244,307.854793476604,326.840420667581,65610,11.0914834023389
"138","Lower middle income",NA,NA,"LMC",NA,NA,NA,NA,NA,NA,NA,NA,NA
"139","Low & middle income",NA,NA,"LMY",NA,NA,NA,NA,NA,NA,NA,NA,NA
"140","Lesotho","Africa","SUB-SAHARAN AFRICA","LSO",28.0543897216274,34.0322846318564,43.1598748146928,52.8393345412617,61.5614890462856,67.2228957338165,73.5740075770054,30355,10.3207165275645
"141","Late-demographic dividend",NA,NA,"LTE",NA,NA,NA,NA,NA,NA,NA,NA,NA
"142","Lithuania","Europe","BALTICS","LTU",42.6157975460123,48.1547392638037,52.3497239263804,56.7153067484663,53.6738650306748,47.5043251533742,43.3699539877301,65200,11.0852147479147
"143","Luxembourg","Europe","WESTERN EUROPE","LUX",121.411446249033,131.156612529002,140.815931941222,147.660479505027,168.716163959783,196.03750966744,231.805491105955,2586,7.8578675593318
"144","Latvia","Europe","BALTICS","LVA",32.8380838842527,36.5257861245723,38.8874421341095,41.2322686525569,36.6556224744151,32.4754215114029,30.0475313133815,64589,11.0757993966339
"145","Macao SAR, China","Asia","ASIA (EX. NEAR EAST)","MAC",5992.71428571429,8792.67857142857,8504.21428571429,12283.3928571429,15284.9642857143,19177.4642857143,22234.5357142857,28,3.3322045101752
"146","St. Martin (French part)","America",NA,"MAF",NA,NA,NA,NA,NA,NA,NA,NA,NA
"147","Morocco","Africa","NORTHERN AFRICA","MAR",27.6084021946031,35.8302720859926,44.83226290449,55.7141104019707,64.6055783226962,72.5778501847497,80.0348897099989,446550,13.009306655112
"148","Monaco","Europe","WESTERN EUROPE","MCO",11226,11742,13372.5,14719.5,16041,18547,19347.5,2,0.693147180559945
"149","Moldova","Europe","C.W. OF IND. STATES","MDA",75.1706409006294,89.9447448512248,100.345714032444,109.210176402801,107.543421091511,105.252046213397,104.888750997252,33843,10.429487462273
"150","Madagascar","Africa","SUB-SAHARAN AFRICA","MDG",8.68658524121014,11.2024819433088,14.8483118697193,19.7578239983647,26.8581459525756,36.0310029980921,43.5590334559826,587040,13.2828482395891
"151","Maldives","Asia","ASIA (EX. NEAR EAST)","MDV",299.623333333333,385.893333333333,527.95,744.05,934.613333333333,1215.03666666667,1454.43333333333,300,5.7037824746562
"152","Middle East & North Africa",NA,NA,"MEA",NA,NA,NA,NA,NA,NA,NA,NA,NA
"153","Mexico","America","LATIN AMER. & CARIB","MEX",19.3526714151733,26.3769541963448,35.1630483384452,43.2728569618007,51.567601835188,59.4757755189982,65.480355884515,1972550,14.4948376799234
"154","Marshall Islands","Oceania","OCEANIA","MHL",1.2368820651257,1.72051628142399,2.57938248692424,3.99004555424329,4.40011810359372,4.42255778640121,4.48177830268264,11854,9.38042064234778
"155","Middle income",NA,NA,"MIC",NA,NA,NA,NA,NA,NA,NA,NA,NA
"156","Macedonia, FYR","Europe","EASTERN EUROPE","MKD",58.7639442624245,67.927209568547,75.9561441597916,78.7995105198753,80.3228595113094,81.7407729049066,82.2310819879209,25333,10.1398631726191
"157","Mali","Africa","SUB-SAHARAN AFRICA","MLI",4.24494596774194,4.79761693548387,5.7178435483871,6.82676451612903,8.84491129032258,12.1573266129032,14.9532096774194,1240000,14.0306219375812
"158","Malta","Europe","WESTERN EUROPE","MLT",1033.38607594937,957.753164556962,1002.04113924051,1120.79113924051,1234.45253164557,1311.73417721519,1472.44303797468,316,5.75574221358691
"159","Myanmar","Asia","ASIA (EX. NEAR EAST)","MMR",30.9301739130435,38.8819911569639,49.1815946941783,59.876565954311,67.9373058216654,73.9217332350774,78.6597037582903,678500,13.4276397582571
"160","Middle East & North Africa (excluding high income)",NA,NA,"MNA",NA,NA,NA,NA,NA,NA,NA,NA,NA
"161","Montenegro","Europe",NA,"MNE",NA,NA,NA,NA,NA,NA,NA,NA,NA
"162","Mongolia","Asia","ASIA (EX. NEAR EAST)","MNG",0.610891391687062,0.817602402890834,1.08024085170154,1.39640857839188,1.53277378404159,1.73430231517355,1.96638037076534,1564116,14.262831366135
"163","Northern Mariana Islands","Oceania","OCEANIA","MNP",21.0377358490566,27.5199161425577,35.4716981132075,89.1781970649895,144.851153039832,114.0964360587,115.605870020964,477,6.16751649088834
"164","Mozambique","Africa","SUB-SAHARAN AFRICA","MOZ",9.21754887161766,11.4292019611023,14.7810364400754,16.5267144051198,22.5398108758842,30.2167005576417,37.0124801956112,801590,13.594352534185
"165","Mauritania","Africa","SUB-SAHARAN AFRICA","MRT",0.832606966139517,1.11468710585039,1.48839138449597,1.96967109731251,2.62865916367517,3.50203065877559,4.28852624429999,1030700,13.8457487410249
"166","Mauritius","Africa","SUB-SAHARAN AFRICA","MUS",323.211274509804,404.901960784314,473.548529411765,519.007352941176,581.800490196078,612.941176470588,619.908333333333,2040,7.62070508683826
"167","Malawi","Africa","SUB-SAHARAN AFRICA","MWI",30.5418214044564,38.8565411883862,52.0178933153275,79.6552413909521,96.0176569885213,128.013968602296,157.175084402431,118480,11.6824994489417
"168","Malaysia","Asia","ASIA (EX. NEAR EAST)","MYS",24.7372433661865,32.7641485974223,41.84420015163,54.7030204700531,70.3126853677028,85.2533404094011,95.9037573919636,329750,12.7060900705796
"169","North America",NA,NA,"NAC",NA,NA,NA,NA,NA,NA,NA,NA,NA
"170","Namibia","Africa","SUB-SAHARAN AFRICA","NAM",0.729986503807768,0.94544097657187,1.22685960325556,1.71390980085242,2.30096387527289,2.63281149672045,3.06971013474385,825418,13.6236452036713
"171","New Caledonia","Oceania","OCEANIA","NCL",4.14480587618048,5.87618048268625,7.34784889821616,8.96636935991605,11.1873032528856,13.1033578174187,14.7145855194124,19060,9.85534717720819
"172","Niger","Africa","SUB-SAHARAN AFRICA","NER",2.674636148382,3.55996764009471,4.72683820047356,6.32427861089187,8.96051539068666,12.9641499605367,16.9513401736385,1267000,14.0521624593033
"173","Nigeria","Africa","SUB-SAHARAN AFRICA","NGA",48.8627144477834,60.6011466082393,79.5229148444198,103.131942219259,132.448849711183,171.66459652207,206.638800001732,923768,13.7362162368463
"174","Nicaragua","America","LATIN AMER. & CARIB","NIC",13.7048743571131,18.5189738520704,25.0969929108685,32.0058458306949,38.8187560813628,44.3087942298485,48.0144331011475,129494,11.771389827002
"175","Netherlands","Europe","WESTERN EUROPE","NLD",276.612989452391,313.98463613158,340.745557000433,360.051774791697,383.507031739151,400.120262004527,412.581370707509,41526,10.6340750160699
"176","Norway","Europe","WESTERN EUROPE","NOR",11.0599656580256,11.9695462041618,12.6176490571399,13.0989709760903,13.8694850556822,15.0995114298244,16.3131265402931,323802,12.6878874968589
"177","Nepal","Asia","ASIA (EX. NEAR EAST)","NPL",68.3716716152221,81.518191886181,101.250589410318,127.39012508408,161.304183284527,183.604792738193,199.108567002534,147181,11.8994184008589
"178","Nauru","Oceania","OCEANIA","NRU",211.095238095238,309.333333333333,356.571428571429,435.952380952381,477.952380952381,477.380952380952,649.952380952381,21,3.04452243772342
"179","New Zealand","Oceania","OCEANIA","NZL",8.82760160786065,10.4611433675748,11.5859014440971,12.3931814798273,14.3579723090665,16.1928688402561,17.8424147684978,268680,12.5012763593808
"180","OECD members",NA,NA,"OED",NA,NA,NA,NA,NA,NA,NA,NA,NA
"181","Oman","Asia","NEAR EAST","OMN",2.59691235997364,3.4070036712793,5.43339452132166,8.52941730208039,10.6749082180175,14.3154476136685,21.8218111644545,212460,12.266509014334
"182","Other small states",NA,NA,"OSS",NA,NA,NA,NA,NA,NA,NA,NA,NA
"183","Pakistan","Asia","ASIA (EX. NEAR EAST)","PAK",55.8602544966042,72.2575801676742,97.1069283777396,133.938619797497,172.305501654352,212.155362340473,245.063008433465,803940,13.5972799185107
"184","Panama","America","LATIN AMER. & CARIB","PAN",14.4874808184143,19.4283759590793,25.3015089514066,31.5985805626598,38.7512404092072,46.5885166240409,52.4115984654731,78200,11.2670249265334
"185","Peru","America","LATIN AMER. & CARIB","PER",7.82863245203156,10.3803776785297,13.5067303652293,16.9828185057811,20.163768848913,22.8549555718087,25.0272210205257,1285220,14.066440467883
"186","Philippines","Asia","ASIA (EX. NEAR EAST)","PHL",87.57675,119.349096666667,157.989893333333,206.49116,259.971896666667,312.42208,349.726966666667,3e+05,12.6115377536383
"187","Palau","Oceania","OCEANIA","PLW",21.0524017467249,25.0655021834061,26.6244541484716,32.943231441048,41.8668122270742,44.6943231441048,47.443231441048,458,6.12686918411419
"188","Papua New Guinea","Oceania","OCEANIA","PNG",4.3442161438078,5.4610362112177,7.13955794659061,9.31868248206724,12.0391971307579,15.3578752916775,17.8272448362285,462840,13.0451367009903
"189","Poland","Europe","EASTERN EUROPE","POL",94.7837280330045,104.463917360922,113.769928202504,121.882348049954,122.355178534308,121.664915170219,121.45079233094,312685,12.6529515729957
"190","Pre-demographic dividend",NA,NA,"PRE",NA,NA,NA,NA,NA,NA,NA,NA,NA
"191","Puerto Rico","America","LATIN AMER. & CARIB","PRI",170.993473531545,197.099347353154,232.48730964467,256.490210297317,276.331036983321,269.871283538796,241.999782451051,13790,9.53169897078735
"192","Korea, Dem. Peopleâ€™s Rep.","Asia","ASIA (EX. NEAR EAST)","PRK",94.7749792599967,119.548697527792,144.948896631823,168.351202920192,190.219636635142,204.01193794591,211.473079475693,120540,11.699736927037
"193","Portugal","Europe","WESTERN EUROPE","PRT",95.8720654609215,93.9532097282203,105.706313385503,108.054009589679,111.373380524077,114.438635797859,111.414726542629,92391,11.4337848502884
"194","Paraguay","America","LATIN AMER. & CARIB","PRY",4.67824216349109,6.08262077443147,7.81961893054702,10.3595377996312,13.0367547633682,15.2670608481868,16.7456594960049,406750,12.9159540250813
"195","West Bank and Gaza","Asia","NEAR EAST","PSE",NA,NA,NA,5495.13333333333,8117.09166666667,10586.3944444444,13013.2694444444,360,5.88610403145016
"196","West Bank and Gaza","Asia","NEAR EAST","PSE",NA,NA,NA,337.584982935154,498.660921501706,650.358703071672,799.45,5860,8.67590488257106
"197","Pacific island small states","Asia",NA,"PSS",NA,NA,NA,NA,NA,NA,NA,NA,NA
"198","Post-demographic dividend",NA,NA,"PST",NA,NA,NA,NA,NA,NA,NA,NA,NA
"199","French Polynesia","Oceania","OCEANIA","PYF",18.7367410607151,26.5166786657067,36.4070074394049,47.6061915046796,56.9373650107991,64.2716582673386,67.916246700264,4167,8.33495163142245
"200","Qatar","Asia","NEAR EAST","QAT",4.1430445046778,9.57541313281455,19.5658826615371,41.658214566757,51.7851709364344,155.606889918685,230.760776427385,11437,9.34460899278122
"201","Romania","Europe","EASTERN EUROPE","ROU",77.5027578947368,85.2648336842105,93.6532757894737,97.6919368421053,94.49672,85.2499831578947,82.4696378947368,237500,12.3779229024568
"202","Russian Federation","Europe","C.W. OF IND. STATES","RUS",7.02170399175412,7.63704085457271,8.14104666416792,8.68464205397301,8.58534933705022,8.36590195136807,8.46227534670165,17075200,16.6531376763833
"203","Rwanda","Africa","SUB-SAHARAN AFRICA","RWA",111.376262434505,142.552243906143,195.182473991951,274.728453185511,304.719530716076,389.051636418862,463.528248158554,26338,10.1787680422702
"204","South Asia",NA,NA,"SAS",NA,NA,NA,NA,NA,NA,NA,NA,NA
"205","Saudi Arabia","Asia","NEAR EAST","SAU",2.08434995322817,2.97686554298673,4.96821811074467,8.32753488504944,10.590891888225,13.9885380973609,16.8002220769139,1960582,14.4887519259046
"206","Sudan","Africa","SUB-SAHARAN AFRICA","SDN",3.01079930242117,4.10314429266385,5.78953232687235,8.0403502260746,10.8749406379574,13.7224941236566,16.1757395812133,2505810,14.7341225935271
"207","Senegal","Africa","SUB-SAHARAN AFRICA","SEN",16.3451195269891,21.7009276721545,28.5062745297925,38.5117335236251,50.37999898058,65.8353076099699,80.7919210968959,196190,12.1868388564149
"208","Singapore","Asia","ASIA (EX. NEAR EAST)","SGP",2375.75757575758,2993.50649350649,3483.32611832612,4397.01587301587,5812.24675324675,7325.7316017316,8098.48917748918,693,6.5410299991899
"209","Solomon Islands","Oceania","OCEANIA","SLB",4.14291739894552,5.63409490333919,8.10569420035149,10.9609841827768,14.5029525483304,18.5514938488576,21.4883304042179,28450,10.2559034395545
"210","Sierra Leone","Africa","SUB-SAHARAN AFRICA","SLE",32.0199330917201,37.528003902983,46.9116392528575,60.109367159186,63.6227627543909,90.0295511569557,105.341678282687,71740,11.1808037510863
"211","El Salvador","America","LATIN AMER. & CARIB","SLV",131.316492395437,174.362880228137,217.714068441065,249.761596958175,278.879562737643,292.995532319392,303.129895437262,21040,9.95418066685165
"212","San Marino","Europe","WESTERN EUROPE","SMR",252.409836065574,313.737704918033,350.180327868852,394.147540983607,449.475409836066,510,547.540983606557,61,4.11087386417331
"213","Somalia","Africa","SUB-SAHARAN AFRICA","SOM",4.32198972174696,5.40189004433418,9.97264359992912,11.6008245812404,14.1321729393702,18.9023613008247,23.1198324491067,637657,13.3655558002039
"214","Serbia","Europe","EASTERN EUROPE","SRB",NA,NA,NA,85.8523556772784,85.0640667262706,82.5187130068695,79.4724822036872,88361,11.3891859748082
"215","Sub-Saharan Africa (excluding high income)",NA,NA,"SSA",NA,NA,NA,NA,NA,NA,NA,NA,NA
"216","South Sudan","Africa",NA,"SSD",NA,NA,NA,NA,NA,NA,NA,NA,NA
"217","Sub-Saharan Africa",NA,NA,"SSF",NA,NA,NA,NA,NA,NA,NA,NA,NA
"218","Small states",NA,NA,"SST",NA,NA,NA,NA,NA,NA,NA,NA,NA
"219","Sao Tome and Principe","Africa","SUB-SAHARAN AFRICA","STP",64.1888111888112,74.1788211788212,94.8541458541459,113.779220779221,138.467532467532,174.601398601399,204.122877122877,1001,6.90875477931522
"220","Suriname","America","LATIN AMER. & CARIB","SUR",1.77599069026765,2.27398174802474,2.22194524407423,2.49569424879035,2.89330556746494,3.22228823421327,3.45073804128131,163270,12.0031605511202
"221","Slovak Republic","Europe","EASTERN EUROPE","SVK",83.2858020268195,92.9106971030812,101.951376804176,108.489855665882,110.322858020268,110.378298699969,111.370498515713,48845,10.796407298087
"222","Slovenia","Europe","EASTERN EUROPE","SVN",78.1689932422434,85.0831648004735,93.7855768756474,98.5626695604992,98.1070882454496,101.049819957579,101.945839293642,20273,9.91704523046819
"223","Sweden","Europe","WESTERN EUROPE","SWE",16.633899600857,17.8743210567957,18.4693242126037,19.0211550257354,19.7173751677912,20.8419473557885,22.3745544087971,449964,13.0169228585463
"224","Swaziland","Africa","SUB-SAHARAN AFRICA","SWZ",20.1102344064966,25.6711973737257,34.750446351437,49.6096872660255,61.1339054310891,69.2762195473132,78.7452629153948,17363,9.76209678434414
"225","Sint Maarten (Dutch part)","America",NA,"SXM",NA,NA,NA,NA,NA,NA,NA,NA,NA
"226","Seychelles","Africa","SUB-SAHARAN AFRICA","SYC",91.6483516483516,117.802197802198,139.035164835165,152.762637362637,178.30989010989,197.296703296703,210.643956043956,455,6.12029741895095
"227","Syrian Arab Republic","Asia","NEAR EAST","SYR",24.6976563343774,34.2938816286856,48.2275299708392,67.2112053137488,88.6210605896965,113.504881736689,98.6600496813911,185180,12.129083604002
"228","Turks and Caicos Islands","America","LATIN AMER. & CARIB","TCA",13.3162790697674,13.1,17.4860465116279,26.8651162790698,43.8906976744186,72.0790697674419,82.4325581395349,430,6.06378520868761
"229","Chad","Africa","SUB-SAHARAN AFRICA","TCD",2.33768925233645,2.83765498442368,3.51405140186916,4.63929828660436,6.49732009345794,9.25794548286604,11.6043566978193,1284000,14.065490763232
"230","East Asia & Pacific (IDA & IBRD countries)",NA,NA,"TEA",NA,NA,NA,NA,NA,NA,NA,NA,NA
"231","Europe & Central Asia (IDA & IBRD countries)",NA,NA,"TEC",NA,NA,NA,NA,NA,NA,NA,NA,NA
"232","Togo","Africa","SUB-SAHARAN AFRICA","TGO",27.8332834375275,37.254944087347,47.9147486131901,66.6890904288104,87.52957647266,114.518834199172,137.319609051686,56785,10.9470274853257
"233","Thailand","Asia","ASIA (EX. NEAR EAST)","THA",53.3018968871595,71.7605311284047,92.1893443579767,110.083309338521,122.486422178988,130.756435797665,134.314227626459,514000,13.1499785444373
"234","Tajikistan","Europe","C.W. OF IND. STATES","TJK",14.5844723969252,20.4757442348008,27.2914954577219,36.9233263452131,43.4395877009085,53.4006289308176,62.3434171907757,143100,11.8712989655445
"235","Turkmenistan","Europe","C.W. OF IND. STATES","TKM",3.28469166154477,4.49738373284163,5.89389059618931,7.54756402376562,9.25247080516288,10.4224749026839,11.7969166154477,488100,13.0982755818752
"236","Latin America & the Caribbean (IDA & IBRD countries)",NA,NA,"TLA",NA,NA,NA,NA,NA,NA,NA,NA,NA
"237","Timor-Leste","Asia","ASIA (EX. NEAR EAST)","TLS",33.3144532551476,40.3228493369761,39.1525954554541,50.1054841074165,58.0800293196508,73.9382288265476,86.3804224695142,15007,9.61627203789599
"238","Middle East & North Africa (IDA & IBRD countries)",NA,NA,"TMN",NA,NA,NA,NA,NA,NA,NA,NA,NA
"239","Tonga","Oceania","OCEANIA","TON",82.3542780748663,112.792780748663,124.340909090909,127.209893048128,131.125668449198,139.220588235294,144.411764705882,748,6.61740297797448
"240","South Asia (IDA & IBRD)",NA,NA,"TSA",NA,NA,NA,NA,NA,NA,NA,NA,NA
"241","Sub-Saharan Africa (IDA & IBRD countries)",NA,NA,"TSS",NA,NA,NA,NA,NA,NA,NA,NA,NA
"242","Trinidad and Tobago","America","LATIN AMER. & CARIB","TTO",165.460023400936,184.476014040562,211.64352574103,238.280031201248,247.266770670827,258.989859594384,266.990054602184,5128,8.54247099860051
"243","Tunisia","Africa","NORTHERN AFRICA","TUN",25.5257380355724,30.929631440621,38.9228470142412,50.3196442760222,59.2824216123709,65.0322779781187,70.485465436098,163610,12.0052408259771
"244","Turkey","Asia","NEAR EAST","TUR",35.1947667119322,44.679939275923,56.3374939147813,69.0790168848805,81.0168349176254,92.6579133464859,103.442337748853,780580,13.5677925120835
"245","Tuvalu","Oceania","OCEANIA","TUV",234.769230769231,280.884615384615,309.692307692308,346.269230769231,362.307692307692,405.038461538462,430.461538461538,26,3.25809653802148
"246","Tanzania","Africa","SUB-SAHARAN AFRICA","TZA",10.659872583159,14.3960598336449,19.7687165308591,26.9388998049915,36.163910835722,48.7770871887985,60.6399400266854,945087,13.7590322657304
"247","Uganda","Africa","SUB-SAHARAN AFRICA","UGA",28.7587442806304,40.0189120488053,53.1670055922725,73.8811514997458,101.844068801898,143.683837485172,181.591925097441,236040,12.3717565611711
"248","Ukraine","Europe","C.W. OF IND. STATES","UKR",70.6677969189995,77.9969537849925,82.7709325824085,85.9566009607421,81.4574258737784,75.9826072552592,74.2606576113964,603700,13.3108326647845
"249","Upper middle income",NA,NA,"UMC",NA,NA,NA,NA,NA,NA,NA,NA,NA
"250","Uruguay","America","LATIN AMER. & CARIB","URY",14.4061457269322,15.9448586993531,16.5462376574736,17.6483316309159,18.8471512881625,19.1488764044944,19.6161048689139,176220,12.0794884934207
"251","United States","America","NORTHERN AMERICA","USA",18.7585008233469,21.2899032541411,23.5920560000498,25.9175697872173,29.2960343334628,32.1176338483837,33.8183962489436,9631420,16.0805412287708
"252","Uzbekistan","Europe","C.W. OF IND. STATES","UZB",19.1092825212338,27.0675637013858,35.6275011175682,45.8426464014305,55.0970049173,63.8408582923558,72.3898077782745,447400,13.0112083280382
"253","St. Vincent and the Grenadines","America","LATIN AMER. & CARIB","VCT",208.095115681234,232.52442159383,258.367609254499,276.362467866324,277.372750642674,281.015424164524,282.511568123393,389,5.96357934361845
"254","Venezuela, RB","America","LATIN AMER. & CARIB","VEN",8.932456553917,12.7051817334576,16.8235469546626,21.777266597226,26.8497779726989,31.8272386382326,35.0606490872211,912050,13.7234500921151
"255","British Virgin Islands","America","LATIN AMER. & CARIB","VGB",52.5032679738562,64.0718954248366,71.9084967320261,107.588235294118,134.934640522876,177.934640522876,203.895424836601,153,5.03043792139244
"256","Virgin Islands (U.S.)","America",NA,"VIR",NA,NA,NA,NA,NA,NA,NA,NA,NA
"257","Vietnam","Asia","ASIA (EX. NEAR EAST)","VNM",99.1340848403933,131.71285046729,164.985174171623,206.97173504066,243.614401019541,268.456463163005,289.904114577012,329560,12.7055137104295
"258","Vanuatu","Oceania","OCEANIA","VUT",5.22122950819672,6.99909836065574,9.47803278688525,12.0191803278689,15.1690983606557,19.3684426229508,22.6429508196721,12200,9.40919123072135
"259","World",NA,NA,"WLD",NA,NA,NA,NA,NA,NA,NA,NA,NA
"260","Samoa","Oceania","OCEANIA","WSM",36.9042119565217,48.633152173913,52.8386548913044,55.3213315217391,59.3104619565217,63.2489809782609,66.7255434782609,2944,7.98752447984877
"261","Kosovo","Europe",NA,"XKX",NA,NA,NA,NA,NA,NA,NA,NA,NA
"262","Yemen, Rep.","Asia","NEAR EAST","YEM",9.7962668333428,11.7313673125367,15.3806030645681,22.836598670379,33.8555694452336,44.7123491865068,53.5076235392162,527970,13.1767947428924
"263","South Africa","Africa","SUB-SAHARAN AFRICA","ZAF",14.3099297326365,18.7222119300409,24.3955883703087,30.7895364583675,37.4849292407977,42.2855607617599,46.4928257120186,1219912,14.0142892829603
"264","Zambia","Africa","SUB-SAHARAN AFRICA","ZMB",4.0456940742532,5.5459079953336,7.82503381547513,10.665830027079,13.9928582248005,18.4025715705528,22.713010919276,752614,13.5313077591476
"265","Zimbabwe","Africa","SUB-SAHARAN AFRICA","ZWE",9.59436991141379,13.2511086077116,18.3423933637155,26.0717727482206,31.2925674637718,36.0651262225408,42.3214296686978,390580,12.8753880928368
